ID,Title,Description,Acceptance,Test_Method,Tools,Dev_Status,Review1_Status,Regression_Status,Files,Dependencies,Notes
RAPI-0001,ADR：锁定目标技术栈与路线图,固化关键决策：Node 24 + Express 5；PostgreSQL + Prisma；AdminJS；pg-boss；zod；pino；prom-client；Vitest/supertest；imgproxy 可选且必须签名。,新增 ADR 文档；包含备选方案与取舍（SQLite/Redis/BullMQ/自研后台/Fastify/TS vs JS）。,manual: 打开 ADR 核对,manual,DONE,DONE,TODO,docs/adr/*,none,ref: 随机api开发规划.md#13 | done_at:2026-01-31 | evidence:docs/adr/RAPI-0001-tech-stack-and-roadmap.md
RAPI-0002,需求可追溯矩阵（Requirements → Issues）,把 随机api开发规划.md 的 0~11 关键点逐条映射到 Issue ID，确保不漏项。,矩阵覆盖全部需求点；每点至少映射 1 个 Issue；新增/变更需求必须更新矩阵。,manual: 检查矩阵覆盖率,manual,DONE,DONE,TODO,docs/traceability.md,RAPI-0001,ref: 随机api开发规划.md#0 | done_at:2026-01-31 | evidence:docs/traceability.md | evidence:traceability_refs_check refs=68 missing=0
RAPI-0003,文档审计：删除/修正与本仓库不符的模板内容,审计 docs/ 里引用不存在路径（backend/frontend/python）的文档；更新为本仓库 Node/Express。,`rg -n 'backend/app|frontend/src|\.py' docs -S` 不再出现未解释引用。,manual: `rg -n 'backend/app|frontend/src|\.py' docs -S`,manual,DONE,DONE,TODO,docs/**,RAPI-0001,ref: docs/ux/ui-api-map.md（模板内容不匹配，已删除） | done_at:2026-01-31 | evidence:rg docs backend/app|frontend/src|\\.py => 0 matches | validation_limited:git push failed (network) | manual_test:git push (when network ok) | evidence:local_commit_created | risk:medium remote not updated
RAPI-0004,README：随机图片 API + 兼容路由说明,补充 README：/random（image/json/redirect）、筛选参数、示例、缓存策略；保留 legacy 路由示例。,README 覆盖端点/参数/响应/缓存/错误；至少 5 个 curl 示例；明确默认 r18=0 与合规说明。,manual: 按 README curl 示例走一遍（实现后）,manual,DONE,DONE,TODO,README.md,RAPI-0001,ref: 随机api开发规划.md#6 | done_at:2026-01-31 | evidence:README.md has 7 curl examples | validation_limited:endpoints not implemented yet (/random /i /healthz /metrics) | manual_test:run the README curl examples after implementing endpoints | risk:medium doc may drift until endpoints land | push_limited:git push failed (network) | manual_test:git push when network ok | evidence:local_commit_created
RAPI-0005,"文档：OpenAPI 契约（/random,/images,/i,/healthz,/metrics,/admin）",新增 OpenAPI（yaml/json）定义：请求参数、响应 schema、错误码、缓存头；并提供校验指引。,文档内容完整、与仓库真实结构一致；示例可执行；无明显过时/无关引用。,manual: 逐项核对文档与仓库结构/命令,manual,DONE,DONE,TODO,docs/**,RAPI-0004,ref: 随机api开发规划.md#6.2 | done_at:2026-01-31 | evidence:docs/openapi/openapi.yaml + docs/openapi/README.md
RAPI-0006,工程：锁定 Node 引擎（>=24）,在 package.json 声明 engines>=24；可选添加 .nvmrc/.node-version。,package.json engines 存在；CI 使用一致版本。,manual: `node -v`,manual,DONE,DONE,TODO,package.json | .nvmrc | .node-version,RAPI-0001,done_at:2026-01-31 | evidence:node -v v24.11.1 | evidence:package.json engines node>=24 | evidence:.nvmrc + .node-version
RAPI-0007,工程：TypeScript 构建链（dist 输出）,"添加 tsconfig；新增 scripts：build,start:prod,dev,test,lint；保持现有 CJS 入口可运行（或兼容入口）。",npm run build 产出 dist；start:prod 可启动；无 TS 编译错误。,manual: `npm run build`,manual,DONE,DONE,TODO,tsconfig.json | package.json | src/** | app.*,RAPI-0006,done_at:2026-01-31 | evidence:npm run build OK | evidence:dist/app.js generated | evidence:tsconfig.json added | evidence:package.json scripts build start:prod dev test lint
RAPI-0008,工程：ESLint 对齐 TS/Node 24,支持 TS lint；限制 console；统一 import 顺序；避免未处理 promise。,npm run lint 通过；规则不阻塞关键开发。,manual: `npm run lint`,manual,DONE,DONE,TODO,eslint.config.mjs | package.json,RAPI-0007,done_at:2026-01-31 | evidence:npm run lint exit0 errors=0 warnings=26 | evidence:ts lint enabled via @typescript-eslint
RAPI-0009,测试：Vitest + supertest 测试骨架,新增 npm test；加入 supertest；提供 mock stream、mock pixiv client 工具。,npm test 可运行；测试基础设施可复用。,manual: `npm test`,manual,DONE,DONE,TODO,package.json | vitest.config.* | test/**,RAPI-0007,done_at:2026-01-31 | evidence:npm test OK (vitest run) | evidence:test/helpers/* added | push_limited:git push failed (network) | manual_test:git push when network ok | evidence:local_commit_created | risk:medium remote not updated
RAPI-0010,迁移：入口 app TS 化,完成 app.js -> app.ts（或 src/server.ts）；补齐类型；保持现有行为不变。,编译通过；行为不回归；相关测试通过。,manual: `npm test`,manual,DONE,DONE,TODO,app.* | src/**,RAPI-0007|RAPI-0009,done_at:2026-01-31 | evidence:app.ts added | evidence:npm test OK | push_limited:git push failed (network) | manual_test:git push when network ok | evidence:local_commit_created | risk:medium remote not updated
RAPI-0011,迁移：路由 pixivRoutes TS 化,完成 src/routes/pixivRoutes.js -> .ts；补齐类型；保持现有行为不变。,编译通过；行为不回归；相关测试通过。,manual: `npm test`,manual,DONE,DONE,TODO,src/routes/pixivRoutes.*,RAPI-0007|RAPI-0009,done_at:2026-01-31 | evidence:src/routes/pixivRoutes.ts added | evidence:npm test OK
RAPI-0012,迁移：控制器 imageProxyController TS 化,完成 src/controllers/imageProxyController.js -> .ts；补齐类型；保持现有行为不变。,编译通过；行为不回归；相关测试通过。,manual: `npm test`,manual,DONE,DONE,TODO,src/controllers/imageProxyController.*,RAPI-0007|RAPI-0009,done_at:2026-01-31 | evidence:src/controllers/imageProxyController.ts added | evidence:npm test OK | evidence:npm run build OK
RAPI-0013,迁移：服务 pixivService TS 化,完成 src/services/pixivService.js -> .ts；补齐类型；保持现有行为不变。,编译通过；行为不回归；相关测试通过。,manual: `npm test`,manual,DONE,DONE,TODO,src/services/pixivService.*,RAPI-0007|RAPI-0009,done_at:2026-01-31 | evidence:src/services/pixivService.ts added | evidence:npm test OK | evidence:npm run build OK | push_limited:git push failed (network) | manual_test:git push when network ok | evidence:local_commit_created | risk:medium remote not updated
RAPI-0014,迁移：服务 pixivAuthService TS 化,完成 src/services/pixivAuthService.js -> .ts；补齐类型；保持现有行为不变。,编译通过；行为不回归；相关测试通过。,manual: `npm test`,manual,DONE,DONE,TODO,src/services/pixivAuthService.*,RAPI-0007|RAPI-0009,done_at:2026-01-31 | evidence:src/services/pixivAuthService.ts added | evidence:npm test OK | evidence:npm run build OK
RAPI-0015,迁移：服务 memcachedService TS 化,完成 src/services/memcachedService.js -> .ts；补齐类型；保持现有行为不变。,编译通过；行为不回归；相关测试通过。,manual: `npm test`,manual,DONE,DONE,TODO,src/services/memcachedService.*,RAPI-0007|RAPI-0009,done_at:2026-01-31 | evidence:src/services/memcachedService.ts added | evidence:npm test OK | evidence:npm run build OK
RAPI-0016,迁移：中间件 validationMiddleware TS 化,完成 src/middlewares/validationMiddleware.js -> .ts；补齐类型；保持现有行为不变。,编译通过；行为不回归；相关测试通过。,manual: `npm test`,manual,DONE,DONE,TODO,src/middlewares/validationMiddleware.*,RAPI-0007|RAPI-0009,done_at:2026-01-31 | evidence:src/middlewares/validationMiddleware.ts added | evidence:npm test OK | evidence:npm run build OK
RAPI-0017,迁移：中间件 headerMiddleware TS 化,完成 src/middlewares/headerMiddleware.js -> .ts；补齐类型；保持现有行为不变。,编译通过；行为不回归；相关测试通过。,manual: `npm test`,manual,DONE,DONE,TODO,src/middlewares/headerMiddleware.*,RAPI-0007|RAPI-0009,done_at:2026-01-31 | evidence:src/middlewares/headerMiddleware.ts added | evidence:npm test OK | evidence:npm run build OK
RAPI-0018,回归：legacy pixivcat 路由 smoke tests,mock pixivService + mock axios stream 覆盖 /:illustId.:ext 与 /:illustId-:page.:ext：参数校验、重定向、响应头策略。,smoke tests 存在并通过；未来改造不破坏 legacy。,manual: `npm test`,manual,DONE,DONE,TODO,src/routes/pixivRoutes.* | src/controllers/imageProxyController.* | test/**,RAPI-0009,ref: 随机api开发规划.md#6.1 | done_at:2026-01-31 | evidence:npm test => 7 passed
RAPI-0019,配置：env schema 校验（zod）,建立 src/config：校验 REFRESH_TOKENS/MEMCACHED/DB/ADMIN/RATE_LIMIT/METRICS/IMGPROXY 等 env；启动失败信息可读。,缺 env/格式错时输出可读错误并退出；.env.example 完整；不泄漏 secrets。,manual: 缺 env 启动观察,manual,DONE,DONE,TODO,src/config/** | .env.example | app.js | app.ts | package.json | package-lock.json,RAPI-0007,start_at:2026-01-31 | done_at:2026-01-31 | evidence:node app.js (no .env) => Invalid environment variables shown | evidence:npm test => 7 passed
RAPI-0020,日志：pino + request_id,引入 pino；每请求 request_id；替换关键 console；敏感信息脱敏。,日志含 request_id/route/status/latency；token 不明文。,manual: 发请求观察日志,manual,DONE,DONE,TODO,src/logger/** | src/middlewares/** | app.js | app.ts | package.json | package-lock.json,RAPI-0019,start_at:2026-01-31 | done_at:2026-01-31 | evidence:node -e supertest /ping => pino log has request_id route status latency_ms | evidence:npm test => 7 passed
RAPI-0021,错误处理：legacy HTML 与 JSON API 分离,"保留 EJS 错误页用于 legacy；JSON API 返回 {code,message,request_id}；统一异常映射。",legacy 仍 render；JSON API 错误统一；不泄漏堆栈。,manual: `npm test`,manual,DONE,DONE,TODO,views/error.ejs | src/middlewares/errorHandler.* | app.js | app.ts | test/**,RAPI-0020,start_at:2026-01-31 | done_at:2026-01-31 | evidence:npm test => 9 passed
RAPI-0022,Bugfix：pixivService 网络错误不二次异常,修复 error.response 为空导致二次异常；标准化错误分类（rate_limit/network/upstream）。,网络错误不会二次抛错；单元测试覆盖。,manual: `npm test`,manual,DONE,DONE,TODO,src/services/pixivService.* | test/**,RAPI-0009,ref: 随机api开发规划.md#1.4 | start_at:2026-01-31 | done_at:2026-01-31 | evidence:npm test => 12 passed
RAPI-0023,健壮性：REFRESH_TOKENS 解析容错 + 脱敏,支持 JSON 数组与逗号分隔；无 token 启动失败信息明确；日志脱敏；轮换策略可配置。,至少 2 种格式可用；无 token 失败可读；测试覆盖。,manual: `npm test`,manual,DONE,DONE,TODO,src/services/pixivAuthService.* | src/config/** | test/**,RAPI-0019|RAPI-0009,ref: 随机api开发规划.md#3.5 | start_at:2026-01-31 | done_at:2026-01-31 | evidence:npm test => 16 passed
RAPI-0024,部署：Dockerfile（非 root，多阶段）,新增 Dockerfile：多阶段构建；非 root 运行；只拷贝 dist+生产依赖。,docker build/run 成功（/healthz 在 RAPI-0042 后验证）,manual: docker build/run (smoke),manual,DONE,DONE,TODO,Dockerfile,RAPI-0007,start_at:2026-01-31 | done_at:2026-01-31 | validation_limited:docker daemon not running (dockerDesktopLinuxEngine pipe missing) | manual_test:start Docker Desktop then docker build -t pixivcat-backend . and docker run -p 3000:3000 --env-file .env pixivcat-backend | evidence:npm run build ok | risk:medium docker build/run not executed
RAPI-0025,部署：docker-compose.yml（dev：backend+postgres+memcached）,新增 docker-compose.yml：backend+postgres+memcached；便于本地一键启动。,docker compose up 可启动（/healthz 在 RAPI-0042 后验证）,manual: docker compose up -d,manual,DONE,DONE,TODO,docker-compose.yml,RAPI-0024|RAPI-0019,start_at:2026-01-31 | done_at:2026-01-31 | validation_limited:docker daemon not running (dockerDesktopLinuxEngine pipe missing) | manual_test:start Docker Desktop then docker compose up -d --build | evidence:docker-compose.yml added | risk:medium compose not executed
RAPI-0026,部署：docker-compose.prod.yml（生产 overlay）,新增 prod overlay：不暴露 DB/memcached；最小暴露面；资源限制与 secrets 说明。,compose config 可生成；生产暴露面更小。,manual: docker compose -f ... config,manual,DONE,DONE,TODO,docker-compose.prod.yml | docker-compose.yml | docs/deployment/**,RAPI-0025,start_at:2026-01-31 | done_at:2026-01-31 | evidence:docker compose -f docker-compose.yml -f docker-compose.prod.yml config shows postgres/memcached no ports
RAPI-0027,DB：DATABASE_URL 等配置 + .env.example,引入 DATABASE_URL/DB_SSL 等；更新 .env.example；db health 在 RAPI-0042 /healthz 实现。,配置完整（env schema + .env.example）,manual: 检查 .env.example + src/config/env.*,manual,DONE,DONE,TODO,.env.example | src/config/**,RAPI-0019,ref: 随机api开发规划.md#5 | start_at:2026-01-31 | done_at:2026-01-31 | evidence:.env.example has DATABASE_URL DB_SSL | evidence:src/config/env.* has DATABASE_URL DB_SSL
RAPI-0028,DB：Prisma 初始化（schema.prisma）,新增 prisma/schema.prisma（provider=postgresql）+ scripts prisma:generate/migrate。,npx prisma generate 可运行。,manual: npx prisma generate,manual,DONE,DONE,TODO,prisma/schema.prisma | prisma.config.ts | package.json | package-lock.json,RAPI-0027,start_at:2026-01-31 | done_at:2026-01-31 | evidence:npx prisma generate => Generated Prisma Client to src/generated/prisma
RAPI-0029,DB：迁移-创建 images 表,在 Prisma schema + migration 中创建 images：图片主表（illust_id+page_index 粒度，含 random_key/status/fail 字段）；补齐索引/约束（按规划）。,迁移包含 images；字段/索引与规划一致；可通过 prisma migrate 应用。,manual: npx prisma migrate dev,manual,DONE,DONE,TODO,prisma/schema.prisma | prisma/migrations/**,RAPI-0028,ref: 随机api开发规划.md#5.2 | start_at:2026-01-31 | done_at:2026-01-31 | validation_limited:postgres not running (P1001 localhost:5432) | manual_test:start Postgres (e.g. docker compose) then set DATABASE_URL and run npx prisma migrate dev | evidence:prisma/migrations/20260131161500_create_images/migration.sql created | risk:medium migration not applied
RAPI-0030,DB：迁移-创建 tags 表,在 Prisma schema + migration 中创建 tags：标签表（name unique + translated_name）；补齐索引/约束（按规划）。,迁移包含 tags；字段/索引与规划一致；可通过 prisma migrate 应用。,manual: npx prisma migrate dev,manual,DONE,DONE,TODO,prisma/schema.prisma | prisma/migrations/**,RAPI-0028,ref: 随机api开发规划.md#5.2 | start_at:2026-01-31 | done_at:2026-01-31 | validation_limited:postgres not running (P1001 localhost:5432) | manual_test:start Postgres (e.g. docker compose) then set DATABASE_URL and run npx prisma migrate dev | evidence:prisma/migrations/20260131163000_create_tags/migration.sql created | risk:medium migration not applied
RAPI-0031,DB：迁移-创建 image_tags 表,"在 Prisma schema + migration 中创建 image_tags：关系表（image_id,tag_id 主键）；补齐索引/约束（按规划）。",迁移包含 image_tags；字段/索引与规划一致；可通过 prisma migrate 应用。,manual: npx prisma migrate dev,manual,DONE,DONE,TODO,prisma/schema.prisma | prisma/migrations/**,RAPI-0028,ref: 随机api开发规划.md#5.2 | start_at:2026-01-31 | done_at:2026-01-31 | validation_limited:postgres not running (P1001 localhost:5432) | manual_test:start Postgres then set DATABASE_URL and run npx prisma migrate dev | evidence:prisma/migrations/20260131164500_create_image_tags/migration.sql created | risk:medium migration not applied
RAPI-0032,DB：迁移-创建 imports 表,在 Prisma schema + migration 中创建 imports：导入审计表（source/total/success/failed/detail）；补齐索引/约束（按规划）。,迁移包含 imports；字段/索引与规划一致；可通过 prisma migrate 应用。,manual: npx prisma migrate dev,manual,DONE,DONE,TODO,prisma/schema.prisma | prisma/migrations/**,RAPI-0028,ref: 随机api开发规划.md#5.2 | start_at:2026-01-31 | done_at:2026-01-31 | validation_limited:postgres not running (P1001 localhost:5432) | manual_test:start Postgres then set DATABASE_URL and run npx prisma migrate dev | evidence:prisma/migrations/20260131165500_create_imports/migration.sql created | risk:medium migration not applied
RAPI-0033,DB：PrismaClient 封装（单例/注入）,新增 src/db/prismaClient；支持 dev 热重载与测试注入；集中管理连接。,连接稳定；测试可 mock；不会泄漏连接。,manual: `npm test`,manual,DONE,DONE,TODO,src/db/** | test/** | package.json | package-lock.json,RAPI-0029|RAPI-0030|RAPI-0031|RAPI-0032|RAPI-0009,"start_at:2026-01-31 | done_at:2026-02-01 | evidence:npm test (vitest: 6 files passed, 19 tests passed)"
RAPI-0034,Repo：imagesRepo CRUD（getById/upsert/markFail/markOk）,实现 imagesRepo 基础 CRUD；fail/ok 更新原子；支持 status 变更。,CRUD 可用；原子更新；单元测试覆盖。,manual: `npm test`,manual,DONE,DONE,TODO,src/repositories/imagesRepo.* | test/**,RAPI-0033|RAPI-0009,"start_at:2026-02-01 | done_at:2026-02-01 | evidence:npm test (vitest: 7 files passed, 23 tests passed)"
RAPI-0035,Repo：tagsRepo（upsert + relation sync）,实现 tagsRepo：按 name upsert；同步 image_tags 关系（差异更新）。,关系同步正确；不会重复；测试覆盖。,manual: `npm test`,manual,DONE,DONE,TODO,src/repositories/tagsRepo.* | test/**,RAPI-0033|RAPI-0009,"start_at:2026-02-01 | done_at:2026-02-01 | evidence:npm test (vitest: 8 files passed, 26 tests passed)"
RAPI-0036,Repo：importsRepo（导入审计）,实现 importsRepo：create/update；detail(json) 记录失败明细。,审计可写可查；测试覆盖。,manual: `npm test`,manual,DONE,DONE,TODO,src/repositories/importsRepo.* | test/**,RAPI-0033|RAPI-0009,"start_at:2026-02-01 | done_at:2026-02-01 | evidence:npm test (vitest: 9 files passed, 29 tests passed)"
RAPI-0037,DB：random_key 生成与写入策略,"写入 images 时生成 random_key∈[0,1)；支持在导入/修复时重置 random_key；为随机索引服务。",新记录有 random_key；可按策略重置；测试覆盖。,manual: `npm test`,manual,DONE,DONE,TODO,src/domain/randomKey.* | src/services/import/** | test/**,RAPI-0034,"ref: 随机api开发规划.md#5.3 | start_at:2026-02-01 | done_at:2026-02-01 | evidence:npm test (vitest: 10 files passed, 33 tests passed)"
RAPI-0038,DB：random_key 两段挑选查询（禁用 ORDER BY random）,"实现 pickRandom(filters,r)：random_key>=r ORDER BY random_key LIMIT 1；无则回环取最小；支持基础过滤。",不使用 ORDER BY random；性能可控；测试覆盖。,manual: `npm test`,manual,DONE,DONE,TODO,src/repositories/imagesRepo.* | test/**,RAPI-0037|RAPI-0009,"ref: 随机api开发规划.md#5.3 | start_at:2026-02-01 | done_at:2026-02-01 | evidence:npm test (vitest: 10 files passed, 34 tests passed)"
RAPI-0039,DB：失败冷却过滤（last_fail_at）,在 pickRandom 中排除刚失败记录：last_fail_at is null OR < now()-cooldown；cooldown 可配置。,冷却生效；配置可调整；测试覆盖。,manual: `npm test`,manual,DONE,DONE,TODO,src/repositories/imagesRepo.* | src/config/** | test/**,RAPI-0038|RAPI-0019,"ref: 随机api开发规划.md#5.4 | start_at:2026-02-01 | done_at:2026-02-01 | evidence:npm test (vitest: 10 files passed, 34 tests passed)"
RAPI-0040,DB：TABLESAMPLE 降级（可选）,提供 TABLESAMPLE 作为降级随机方案（避免 random_key 退化时全表扫描）；可配置开关；记录 picked_by。,可启用/禁用；启用后查询性能可控；文档说明。,manual: explain analyze 验证,manual,DONE,DONE,TODO,src/repositories/imagesRepo.* | docs/perf.md,RAPI-0038,"ref: 随机api开发规划.md#3.4 | start_at:2026-02-01 | done_at:2026-02-01 | validation_limited:Postgres not available (docker engine pipe missing) | manual_test:run psql and follow docs/perf.md EXPLAIN samples | evidence:imagesRepo TABLESAMPLE strategy + debug.pickedBy; docs/perf.md added; npm test (10 files, 34 tests passed) | risk:medium perf not validated via explain analyze"
RAPI-0041,"路由：新增 /random,/images,/i,/healthz,/metrics 聚合（不影响 legacy）",增加新路由模块与聚合；legacy 继续挂载；为 /admin 预留。,新路由可访问；legacy 不回归；结构清晰。,manual: 启动后访问路由,manual,DONE,DONE,TODO,app.* | src/routes/**,RAPI-0021,"start_at:2026-02-01 | done_at:2026-02-01 | evidence:supertest GET /random,/images/1,/i/1.jpg,/healthz,/metrics => 501 | push_limited:git push failed (Recv failure: Connection was reset) | manual_test:retry `git push` when network OK"
RAPI-0042,API：GET /healthz,"返回 {ok, db, memcached, queue}；依赖不可用时 ok=false 且 http!=200。",/healthz 正常；错误时有可读原因。,manual: curl /healthz,manual,DONE,DONE,TODO,src/routes/healthz.* | src/db/**,RAPI-0041|RAPI-0033,ref: 随机api开发规划.md#6.2 | start_at:2026-02-01 | done_at:2026-02-01 | validation_limited:curl test blocked by policy (Start-Process) | manual_test:run `node app.js` then `curl /healthz` | evidence:node fetch /healthz => 503 ok=false (DATABASE_URL not configured; memcached timeout) | risk:low uses real HTTP request
RAPI-0043,测试：GET /healthz,覆盖 db ok/failed 等分支（mock）。,新增测试覆盖正向/边界/非法输入；CI 可运行；不依赖真实 Pixiv。,manual: `npm test`,manual,DONE,DONE,TODO,test/healthz.*,RAPI-0042|RAPI-0009,"start_at:2026-02-01 | done_at:2026-02-01 | evidence:npm test (vitest: 11 files passed, 37 tests passed)"
RAPI-0044,API：GET /metrics（prom-client）,实现 /metrics 输出 Prometheus；包含 http、random、upstream、db 等指标。,/metrics 可抓取；关键指标存在；可选 basic auth。,manual: curl /metrics,manual,DONE,DONE,TODO,src/routes/metrics.* | src/metrics/** | package.json | package-lock.json,RAPI-0041|RAPI-0020,ref: 随机api开发规划.md#6.2 | start_at:2026-02-01 | done_at:2026-02-01 | validation_limited:curl test blocked by policy (Start-Process) | manual_test:run `node app.js` then `curl /metrics` | evidence:node fetch /metrics => 200 and contains pixivcat_up | risk:low uses real HTTP request
RAPI-0045,测试：/metrics,断言 /metrics 返回文本且含关键 metric 名称。,新增测试覆盖正向/边界/非法输入；CI 可运行；不依赖真实 Pixiv。,manual: `npm test`,manual,DONE,DONE,TODO,test/metrics.*,RAPI-0044|RAPI-0009,start_at:2026-02-01 | done_at:2026-02-01 | evidence:npm test => 12 files; 41 tests passed
RAPI-0046,API：GET /images/:id（单条记录 JSON）,实现 /images/:id：返回图片记录（含 tags/author/尺寸/状态/失败信息）；不存在 404。,存在返回 200 JSON；不存在 404 JSON；字段稳定。,manual: curl /images/1,manual,DONE,DONE,TODO,src/routes/images.* | src/repositories/imagesRepo.*,RAPI-0041|RAPI-0034,ref: 随机api开发规划.md#6.2 | start_at:2026-02-01 | done_at:2026-02-01 | validation_limited:postgres unavailable (docker engine down) so cannot curl against real DB | manual_test:bring up postgres then run node dist/app.js and curl /images/1 | evidence:npm test => 12 files; 41 tests passed | risk:medium endpoint not exercised with real DB yet
RAPI-0047,测试：/images/:id,覆盖：存在/不存在/非法 id（400）。,新增测试覆盖正向/边界/非法输入；CI 可运行；不依赖真实 Pixiv。,manual: `npm test`,manual,DONE,DONE,TODO,test/images_get.*,RAPI-0046|RAPI-0009,start_at:2026-02-01 | done_at:2026-02-01 | evidence:npm test => 13 files; 44 tests passed | push_limited:git push failed (cannot connect github.com:443) | manual_test:git push when network ok | evidence:local_commit_created | risk:medium remote not updated
RAPI-0048,图片：GET /i/:id.:ext（DB 直连 original_url 的稳定代理）,实现 /i/:id.:ext：从 DB 取 original_url/ext；流式代理；成功长缓存；失败 markFail。,不调用 Pixiv API 即可出图；头部包含 X-Origin-URL/X-Crawl-Date；断开连接不泄漏。,manual: curl -I /i/1.jpg,manual,DONE,DONE,TODO,src/routes/imageById.* | src/controllers/imageByIdController.* | src/http/**,RAPI-0041|RAPI-0034,ref: 随机api开发规划.md#2.1 | start_at:2026-02-01 | done_at:2026-02-01 | validation_limited:postgres unavailable (docker engine down) so cannot curl /i/1.jpg against real DB | manual_test:bring up postgres then run node dist/app.js and curl -I /i/1.jpg | evidence:stream proxy reads DB original_url and uses axios responseType=stream; sets Cache-Control max-age=31536000 and X-Origin-URL/X-Crawl-Date | push_limited:git push failed (connection reset) | manual_test:git push when network ok | evidence:local_commit_created | risk:medium not exercised with real DB yet; remote not updated
RAPI-0049,测试：/i/:id.:ext,覆盖：命中/不存在/上游失败/客户端断开；断言 fail_count 更新。,新增测试覆盖正向/边界/非法输入；CI 可运行；不依赖真实 Pixiv。,manual: `npm test`,manual,DONE,DONE,TODO,test/image_by_id.*,RAPI-0048|RAPI-0009,start_at:2026-02-01 | done_at:2026-02-01 | evidence:npm test => 14 files; 48 tests passed
RAPI-0050,图片：Content-Type 映射（含 webp）,扩展 content-type 映射并对齐 ext 校验；支持 webp。,webp 返回 image/webp；非法 ext 400；测试覆盖。,manual: `npm test`,manual,DONE,DONE,TODO,src/utils/contentType.* | src/middlewares/validationMiddleware.* | src/controllers/imageByIdController.* | src/controllers/imageProxyController.* | test/**,RAPI-0048|RAPI-0009,start_at:2026-02-01 | done_at:2026-02-01 | evidence:npm test => 14 files; 51 tests passed
RAPI-0051,兼容：legacy 路由优先走 DB（移除 Pixiv API 热路径）,保留 /:illustId.:ext 与 /:illustId-:page.:ext；若 DB 有 original_url 则直接代理，否则 fallback 到 Pixiv API 现有流程。,DB 有数据时不触发 Pixiv API；无数据时行为不变；smoke tests 不回归。,manual: `npm test`,manual,DONE,DONE,TODO,src/controllers/imageProxyController.* | src/services/pixivService.*,RAPI-0048|RAPI-0018,ref: 随机api开发规划.md#2.1 | start_at:2026-02-01 | done_at:2026-02-01 | evidence:npm test => 14 files; 52 tests passed
RAPI-0052,API：GET /random（骨架 + no-store）,实现 /random：默认 format=image；支持 redirect；必须 Cache-Control:no-store；默认 r18=0；调用 pickRandom + attempts。,/random 可用；无匹配返回友好错误；响应头 no-store。,manual: curl /random?format=json,manual,DONE,DONE,TODO,src/routes/random.* | src/services/randomService.*,RAPI-0041|RAPI-0039,ref: 随机api开发规划.md#6.2 | start_at:2026-02-01 | done_at:2026-02-01 | validation_limited:postgres unavailable (docker engine down) so cannot curl /random?format=json against real DB | manual_test:bring up postgres then run node dist/app.js and curl /random?format=json | evidence:/random implemented with Cache-Control no-store; supports format=json and redirect=1; uses pickRandom + attempts | risk:medium not exercised with real DB yet
RAPI-0053,测试：/random empty,空库/无匹配返回友好 JSON 错误（code/message/request_id）。,新增测试覆盖正向/边界/非法输入；CI 可运行；不依赖真实 Pixiv。,manual: `npm test`,manual,DONE,DONE,TODO,test/random_empty.*,RAPI-0052|RAPI-0009,start_at:2026-02-01 | done_at:2026-01-31 | evidence:npm test (vitest run) exit0 | evidence:test/random_empty.test.ts | push_limited:git push failed (network) | manual_test:git push when network ok | evidence:local_commit_created | risk:medium remote not updated
RAPI-0054,API：/random 参数 format=image|json,为 /random 增加参数 format：实现 image 流/JSON 输出两种模式。,format 生效；非法输入 400；与其它参数可组合；测试覆盖。,manual: `npm test`,manual,DONE,DONE,TODO,src/routes/random.* | src/services/randomService.* | test/**,RAPI-0052|RAPI-0009,ref: 随机api开发规划.md#6.3 | start_at:2026-01-31 | done_at:2026-01-31 | evidence:npm test (vitest run) exit0 | evidence:invalid format returns 400; format=image|json supported | push_limited:git push failed (network) | manual_test:git push when network ok | evidence:local_commit_created | risk:medium remote not updated
RAPI-0055,测试：/random param format,覆盖 format：正向/边界/非法输入；组合用例。,新增测试覆盖正向/边界/非法输入；CI 可运行；不依赖真实 Pixiv。,manual: `npm test`,manual,DONE,DONE,TODO,test/random_param_format.*,RAPI-0054|RAPI-0009,start_at:2026-01-31 | done_at:2026-01-31 | evidence:npm test (vitest run) exit0 | evidence:test/random_param_format.test.ts covers invalid+image+json+trim | push_limited:git push failed (network) | manual_test:git push when network ok | evidence:local_commit_created | risk:medium remote not updated
RAPI-0056,API：/random 参数 redirect=0|1,为 /random 增加参数 redirect：redirect=1 返回 302 Location 指向稳定图片 URL（/i/:id.:ext）。,redirect 生效；非法输入 400；与其它参数可组合；测试覆盖。,manual: `npm test`,manual,DONE,DONE,TODO,src/routes/random.* | src/services/randomService.* | test/**,RAPI-0052|RAPI-0009,ref: 随机api开发规划.md#6.3 | start_at:2026-01-31 | done_at:2026-01-31 | evidence:npm test (vitest run) exit0 | evidence:invalid redirect returns 400; redirect=1 returns 302 /i/:id.:ext
RAPI-0057,测试：/random param redirect,覆盖 redirect：正向/边界/非法输入；组合用例。,新增测试覆盖正向/边界/非法输入；CI 可运行；不依赖真实 Pixiv。,manual: `npm test`,manual,DONE,DONE,TODO,test/random_param_redirect.*,RAPI-0056|RAPI-0009,start_at:2026-01-31 | done_at:2026-01-31 | evidence:npm test (vitest run) exit0 | evidence:test/random_param_redirect.test.ts covers invalid+redirect0+redirect1+combo
RAPI-0058,API：/random 参数 attempts=1..10,为 /random 增加参数 attempts：一次请求内部换图重试次数，clamp 1..10。,attempts 生效；非法输入 400；与其它参数可组合；测试覆盖。,manual: `npm test`,manual,DONE,DONE,TODO,src/routes/random.* | src/services/randomService.* | test/**,RAPI-0052|RAPI-0009,ref: 随机api开发规划.md#6.3 | start_at:2026-01-31 | done_at:2026-01-31 | evidence:npm test (vitest run) exit0 | evidence:attempts parsed+clamped in /random (invalid=400) | push_limited:git push failed (network) | manual_test:git push when network ok | evidence:local_commit_created | risk:medium remote not updated
RAPI-0059,测试：/random param attempts,覆盖 attempts：正向/边界/非法输入；组合用例。,新增测试覆盖正向/边界/非法输入；CI 可运行；不依赖真实 Pixiv。,manual: `npm test`,manual,DONE,DONE,TODO,test/random_param_attempts.*,RAPI-0058|RAPI-0009,start_at:2026-01-31 | done_at:2026-01-31 | evidence:npm test (vitest run) exit0 | evidence:test/random_param_attempts.test.ts covers default+clamp+invalid+format/redirect combos
RAPI-0060,API：/random 参数 seed,为 /random 增加参数 seed：可复现随机：同 seed+filters 输出稳定。,seed 生效；非法输入 400；与其它参数可组合；测试覆盖。,manual: `npm test`,manual,DONE,DONE,TODO,src/routes/random.* | src/services/randomService.* | test/**,RAPI-0052|RAPI-0009,ref: 随机api开发规划.md#6.3 | start_at:2026-01-31 | done_at:2026-01-31 | evidence:npm test (vitest run) exit0 | evidence:seed creates deterministic PRNG per request; empty seed=400
RAPI-0061,测试：/random param seed,覆盖 seed：正向/边界/非法输入；组合用例。,新增测试覆盖正向/边界/非法输入；CI 可运行；不依赖真实 Pixiv。,manual: `npm test`,manual,DONE,DONE,TODO,test/random_param_seed.*,RAPI-0060|RAPI-0009,start_at:2026-01-31 | done_at:2026-01-31 | evidence:npm test (vitest run) exit0 | evidence:test/random_param_seed.test.ts covers empty/whitespace+deterministic+trim+redirect combo
RAPI-0062,API：/random 过滤 r18=0|1|2|any,实现过滤 r18：默认 r18=0；映射 x_restrict。,r18 与其它过滤可组合；非法输入 400；性能可接受；测试覆盖。,manual: `npm test`,manual,DONE,DONE,TODO,src/services/randomService.* | src/repositories/imagesRepo.* | src/repositories/tagsRepo.* | test/**,RAPI-0052|RAPI-0035|RAPI-0009,ref: 随机api开发规划.md#6.3 | start_at:2026-01-31 | done_at:2026-01-31 | evidence:npm test (vitest run) exit0 | evidence:r18 parsed (0/1/2/any) mapped to filters.xRestrict (any disables filter) | push_limited:git push failed (network) | manual_test:git push when network ok | evidence:local_commit_created | risk:medium remote not updated
RAPI-0063,测试：/random filter r18,覆盖 r18：正向/边界/非法输入；与 r18/orientation 组合。,新增测试覆盖正向/边界/非法输入；CI 可运行；不依赖真实 Pixiv。,manual: `npm test`,manual,DONE,DONE,TODO,test/random_filter_r18.*,RAPI-0062|RAPI-0009,start_at:2026-01-31 | done_at:2026-01-31 | evidence:npm test (vitest run) exit0 | evidence:test/random_filter_r18.test.ts includes r18+orientation combo | push_limited:git push failed (network) | manual_test:git push when network ok | evidence:local_commit_created | risk:medium remote not updated
RAPI-0064,API：/random 过滤 orientation=portrait|landscape|square|any,实现过滤 orientation：按 orientation 字段过滤。,orientation 与其它过滤可组合；非法输入 400；性能可接受；测试覆盖。,manual: `npm test`,manual,DONE,DONE,TODO,src/services/randomService.* | src/repositories/imagesRepo.* | src/repositories/tagsRepo.* | test/**,RAPI-0052|RAPI-0035|RAPI-0009,ref: 随机api开发规划.md#6.3 | start_at:2026-01-31 | done_at:2026-01-31 | evidence:npm test (vitest run) exit0 | evidence:orientation parsed (portrait/landscape/square/any) mapped to filters.orientation
RAPI-0065,测试：/random filter orientation,覆盖 orientation：正向/边界/非法输入；与 r18/orientation 组合。,新增测试覆盖正向/边界/非法输入；CI 可运行；不依赖真实 Pixiv。,manual: `npm test`,manual,DONE,DONE,TODO,test/random_filter_orientation.*,RAPI-0064|RAPI-0009,start_at:2026-01-31 | done_at:2026-01-31 | evidence:npm test (vitest run) exit0 | evidence:test/random_filter_orientation.test.ts includes r18+orientation combo | push_limited:git push failed (network) | manual_test:git push when network ok | evidence:local_commit_created | risk:medium remote not updated
RAPI-0066,API：/random 过滤 min_width,实现过滤 min_width：width >= min_width。,min_width 与其它过滤可组合；非法输入 400；性能可接受；测试覆盖。,manual: `npm test`,manual,DONE,DONE,TODO,src/services/randomService.* | src/repositories/imagesRepo.* | src/repositories/tagsRepo.* | test/**,RAPI-0052|RAPI-0035|RAPI-0009,ref: 随机api开发规划.md#6.3 | start_at:2026-01-31 | done_at:2026-01-31 | evidence:npm test (vitest run) exit0 | evidence:min_width parsed and mapped to filters.minWidth (invalid=400)
RAPI-0067,测试：/random filter min_width,覆盖 min_width：正向/边界/非法输入；与 r18/orientation 组合。,新增测试覆盖正向/边界/非法输入；CI 可运行；不依赖真实 Pixiv。,manual: `npm test`,manual,DONE,DONE,TODO,test/random_filter_min_width.*,RAPI-0066|RAPI-0009,start_at:2026-01-31 | done_at:2026-01-31 | evidence:npm test (vitest run) exit0 | evidence:test/random_filter_min_width.test.ts covers boundary+invalid+combo
RAPI-0068,API：/random 过滤 min_height,实现过滤 min_height：height >= min_height。,min_height 与其它过滤可组合；非法输入 400；性能可接受；测试覆盖。,manual: `npm test`,manual,DONE,DONE,TODO,src/services/randomService.* | src/repositories/imagesRepo.* | src/repositories/tagsRepo.* | test/**,RAPI-0052|RAPI-0035|RAPI-0009,ref: 随机api开发规划.md#6.3 | start_at:2026-01-31 | done_at:2026-01-31 | evidence:npm test (vitest run) exit0 | evidence:min_height parsed and mapped to filters.minHeight (invalid=400)
RAPI-0069,测试：/random filter min_height,覆盖 min_height：正向/边界/非法输入；与 r18/orientation 组合。,新增测试覆盖正向/边界/非法输入；CI 可运行；不依赖真实 Pixiv。,manual: `npm test`,manual,DONE,DONE,TODO,test/random_filter_min_height.*,RAPI-0068|RAPI-0009,start_at:2026-01-31 | done_at:2026-01-31 | evidence:npm test (vitest run) exit0 | evidence:test/random_filter_min_height.test.ts covers boundary+invalid+combo | push_limited:git push failed (network) | manual_test:git push when network ok | evidence:local_commit_created | risk:medium remote not updated
RAPI-0070,API：/random 过滤 min_pixels,实现过滤 min_pixels：width*height >= min_pixels（注意性能）。,min_pixels 与其它过滤可组合；非法输入 400；性能可接受；测试覆盖。,manual: `npm test`,manual,DONE,DONE,TODO,src/services/randomService.* | src/repositories/imagesRepo.* | src/repositories/tagsRepo.* | test/**,RAPI-0052|RAPI-0035|RAPI-0009,ref: 随机api开发规划.md#6.3 | start_at:2026-01-31 | done_at:2026-01-31 | evidence:npm test (vitest run) exit0 | evidence:min_pixels parsed and mapped to filters.minPixels; imagesRepo uses SQL for minPixels
RAPI-0071,测试：/random filter min_pixels,覆盖 min_pixels：正向/边界/非法输入；与 r18/orientation 组合。,新增测试覆盖正向/边界/非法输入；CI 可运行；不依赖真实 Pixiv。,manual: `npm test`,manual,DONE,DONE,TODO,test/random_filter_min_pixels.*,RAPI-0070|RAPI-0009,start_at:2026-01-31 | done_at:2026-01-31 | evidence:npm test (vitest run) exit0 | evidence:test/random_filter_min_pixels.test.ts covers boundary+invalid+combo
RAPI-0072,API：/random 过滤 included_tags（AND）,实现过滤 included_tags：必须同时包含；SQL having count。,included_tags 与其它过滤可组合；非法输入 400；性能可接受；测试覆盖。,manual: `npm test`,manual,DONE,DONE,TODO,src/services/randomService.* | src/repositories/imagesRepo.* | src/repositories/tagsRepo.* | test/**,RAPI-0052|RAPI-0035|RAPI-0009,ref: 随机api开发规划.md#6.3 | start_at:2026-01-31 | done_at:2026-01-31 | evidence:npm test (vitest run) exit0 | evidence:included_tags parsed (tag1|tag2) and enforced via SQL HAVING (raw) + Prisma AND (findFirst)
RAPI-0073,测试：/random filter included_tags,覆盖 included_tags：正向/边界/非法输入；与 r18/orientation 组合。,新增测试覆盖正向/边界/非法输入；CI 可运行；不依赖真实 Pixiv。,manual: `npm test`,manual,DONE,DONE,TODO,test/random_filter_included_tags.*,RAPI-0072|RAPI-0009,start_at:2026-01-31 | done_at:2026-01-31 | evidence:npm test (vitest run) exit0 | evidence:test/random_filter_included_tags.test.ts covers trim/invalid+combo | push_limited:git push failed (network) | manual_test:git push when network ok | evidence:local_commit_created | risk:medium remote not updated
RAPI-0074,API：/random 过滤 excluded_tags,实现过滤 excluded_tags：排除任一标签；anti-join。,excluded_tags 与其它过滤可组合；非法输入 400；性能可接受；测试覆盖。,manual: `npm test`,manual,DONE,DONE,TODO,src/services/randomService.* | src/repositories/imagesRepo.* | src/repositories/tagsRepo.* | test/**,RAPI-0052|RAPI-0035|RAPI-0009,ref: 随机api开发规划.md#6.3 | start_at:2026-01-31 | done_at:2026-01-31 | evidence:npm test (vitest run) exit0 | evidence:excluded_tags parsed and enforced via SQL anti-join + Prisma none
RAPI-0075,测试：/random filter excluded_tags,覆盖 excluded_tags：正向/边界/非法输入；与 r18/orientation 组合。,新增测试覆盖正向/边界/非法输入；CI 可运行；不依赖真实 Pixiv。,manual: `npm test`,manual,DONE,DONE,TODO,test/random_filter_excluded_tags.*,RAPI-0074|RAPI-0009,start_at:2026-01-31 | done_at:2026-01-31 | evidence:npm test (vitest run) ok (26 files 110 tests) | push_limited:git push failed (Recv failure connection reset) | manual_test:git push when network ok | risk:medium remote not updated
RAPI-0076,API：/random 过滤 user_id,实现过滤 user_id：按作者过滤（来自元信息）。,user_id 与其它过滤可组合；非法输入 400；性能可接受；测试覆盖。,manual: `npm test`,manual,DONE,DONE,TODO,src/services/randomService.* | src/repositories/imagesRepo.* | src/repositories/tagsRepo.* | test/**,RAPI-0052|RAPI-0035|RAPI-0009,ref: 随机api开发规划.md#6.3 | start_at:2026-02-01 | done_at:2026-02-01 | evidence:npm test (vitest run) ok (26 files 110 tests) | push_limited:git push failed (curl 28 connection reset) | manual_test:git push when network ok | risk:medium remote not updated
RAPI-0077,测试：/random filter user_id,覆盖 user_id：正向/边界/非法输入；与 r18/orientation 组合。,新增测试覆盖正向/边界/非法输入；CI 可运行；不依赖真实 Pixiv。,manual: `npm test`,manual,DONE,DONE,TODO,test/random_filter_user_id.*,RAPI-0076|RAPI-0009,start_at:2026-02-01 | done_at:2026-02-01 | evidence:npm test (vitest run) ok (27 files 115 tests)
RAPI-0078,API：/random 过滤 illust_id,实现过滤 illust_id：按作品过滤。,illust_id 与其它过滤可组合；非法输入 400；性能可接受；测试覆盖。,manual: `npm test`,manual,DONE,DONE,TODO,src/services/randomService.* | src/repositories/imagesRepo.* | src/repositories/tagsRepo.* | test/**,RAPI-0052|RAPI-0035|RAPI-0009,ref: 随机api开发规划.md#6.3 | start_at:2026-02-01 | done_at:2026-02-01 | evidence:npm test (vitest run) ok (27 files 115 tests)
RAPI-0079,测试：/random filter illust_id,覆盖 illust_id：正向/边界/非法输入；与 r18/orientation 组合。,新增测试覆盖正向/边界/非法输入；CI 可运行；不依赖真实 Pixiv。,manual: `npm test`,manual,DONE,DONE,TODO,test/random_filter_illust_id.*,RAPI-0078|RAPI-0009,start_at:2026-02-01 | done_at:2026-02-01 | evidence:npm test (vitest run) ok (28 files 120 tests) | push_limited:git push failed (curl 28 connection reset) | manual_test:git push when network ok | risk:medium remote not updated
RAPI-0080,API：/random JSON 响应格式（图床风格）,实现 JSON 输出字段：id/illust_id/page_index/r18/width/height/orientation/tags/author/urls/cache/debug。,字段齐全且稳定；urls.proxy 指向稳定可访问 URL；debug 含 attempt/picked_by。,manual: curl /random?format=json,manual,DONE,DONE,TODO,src/contracts/randomResponse.* | src/services/randomService.* | src/routes/random.ts | test/random_param_format.test.ts | test/random_param_seed.test.ts,RAPI-0052|RAPI-0046,ref: 随机api开发规划.md#6.4 | start_at:2026-02-01 | done_at:2026-02-01 | validation_limited:curl requires DATABASE_URL and seeded images | manual_test:run with Postgres+seeded images then curl /random?format=json | evidence:npm test (vitest run) ok (28 files 120 tests) | risk:medium manual curl not executed
RAPI-0081,测试：random json schema,断言 JSON 输出字段存在且类型正确；urls.proxy 可解析；debug.attempt 随 attempts 变化。,新增测试覆盖正向/边界/非法输入；CI 可运行；不依赖真实 Pixiv。,manual: `npm test`,manual,DONE,DONE,TODO,test/random_json_shape.*,RAPI-0080|RAPI-0009,start_at:2026-02-01 | done_at:2026-02-01 | evidence:npm test (vitest run) ok (29 files 122 tests)
RAPI-0082,后台：鉴权（ADMIN_TOKEN）,实现 /admin 与 /admin/* API 的最低鉴权：ADMIN_TOKEN；未授权 401；token 不写日志。,无 token 401；有 token 200；测试覆盖。,manual: curl -I /admin,manual,DONE,DONE,TODO,src/middlewares/adminAuth.* | src/routes/admin.* | src/routes/api.*,RAPI-0019|RAPI-0020|RAPI-0009,ref: 随机api开发规划.md#8.2 | start_at:2026-02-01 | done_at:2026-02-01 | validation_limited:curl.exe not run (Start-Process blocked by policy) | manual_test:curl -I http://127.0.0.1:PORT/admin (no token => 401; with Authorization Bearer => 200) | evidence:node fetch HEAD /admin => 401 and 200 | risk:low
RAPI-0083,测试：admin auth,覆盖无 token/错 token/对 token 分支。,新增测试覆盖正向/边界/非法输入；CI 可运行；不依赖真实 Pixiv。,manual: `npm test`,manual,DONE,DONE,TODO,test/admin_auth.*,RAPI-0082|RAPI-0009,start_at:2026-02-01 | done_at:2026-02-01 | evidence:npm test (vitest run) ok (30 files 125 tests)
RAPI-0084,后台：集成 AdminJS（MVP）,引入 AdminJS 并挂载 /admin；使用 Prisma adapter；基础资源可见。,/admin 可打开；至少 images/tags/imports 三资源可见。,manual: 浏览器打开 /admin,manual,DONE,DONE,TODO,src/admin/** | app.* | src/routes/admin.* | src/middlewares/adminAuth.* | src/db/prismaClient.ts | src/repositories/imagesRepo.ts | src/repositories/importsRepo.ts | src/repositories/tagsRepo.ts | prisma/schema.prisma | tsconfig.json | vitest.config.ts | package.json | package-lock.json | test/admin_auth.test.ts,RAPI-0082|RAPI-0028,ref: 随机api开发规划.md#8.1 | start_at:2026-02-01 | done_at:2026-02-01 | evidence:npm run build OK | evidence:npm test OK (vitest 30 files 125 tests) | evidence:curl GET /admin (x-admin-token) => 200 text/html; REDUX_STATE resources Image/Tag/Import | note:prisma pinned 6.19.2 for @adminjs/prisma peer deps
RAPI-0085,后台：images 列表与筛选,显示总数/active/disabled/broken；支持按状态/尺寸/作者/标签过滤。,后台功能可用且不影响线上请求；相关数据来源明确；必要时加权限限制。,manual: 浏览器验证,manual,DONE,DONE,TODO,src/admin/adminJs.ts | src/admin/resources/images.*,RAPI-0084,ref: 随机api开发规划.md#8.2 | start_at:2026-02-01 | done_at:2026-02-01 | evidence:npm run build OK | evidence:curl /admin contains filters minWidth/minHeight/tag and action statusCounts | validation_limited:postgres unreachable (127.0.0.1:5432 closed; docker daemon down) so cannot verify list/filter queries | manual_test:start postgres then run prisma migrate dev; open /admin -> Image list; filter by status/minWidth/minHeight/tag; click statusCounts; expect list API 200 and no BigInt JSON error | evidence:curl /admin/api/resources/Image/actions/list => 500 P1001 | evidence:npm test OK (vitest 30 files 125 tests) | risk:medium admin list/filters not exercised with live DB
RAPI-0086,后台：images 操作 enable/disable,提供启用/禁用动作（软删优先）；动作写审计。,后台功能可用且不影响线上请求；相关数据来源明确；必要时加权限限制。,manual: 浏览器验证,manual,DONE,DONE,TODO,src/admin/resources/images.* | src/audit/**,RAPI-0084,ref: 随机api开发规划.md#8.2 | start_at:2026-02-01 | done_at:2026-02-01 | evidence:npm run build OK | evidence:/admin HTML has record actions enable/disable | evidence:src/audit/adminAudit.ts logs audit image_enable/image_disable | validation_limited:postgres unreachable (127.0.0.1:5432 closed; docker daemon down) so cannot execute action against real DB | manual_test:start postgres then open /admin -> Image record -> run disable/enable; verify status changes and logs include audit.category=admin action=image_disable|image_enable with request_id | evidence:npm test OK (vitest 30 files 125 tests) | risk:medium actions not executed with live DB
RAPI-0087,后台：images 删除策略,实现软删：后台 delete 动作不做硬删；改为把 status 置为 disabled；写审计；不破坏统计与追溯。,后台功能可用且不影响线上请求；相关数据来源明确；必要时加权限限制。,manual: 浏览器验证,manual,DONE,DONE,TODO,src/admin/resources/images.* | src/audit/**,RAPI-0084,ref: 随机api开发规划.md#8.2 | start_at:2026-02-01 | done_at:2026-02-01 | evidence:npm run build OK | evidence:/admin HTML contains soft delete guard string | evidence:delete action sets status=disabled and writes audit image_delete | validation_limited:postgres unreachable (127.0.0.1:5432 closed; docker daemon down) so cannot execute delete against real DB | manual_test:start postgres then open /admin -> Image record -> Delete; verify no hard delete; status becomes disabled; logs include audit action=image_delete; /random no longer picks it | evidence:npm test OK (vitest 30 files 125 tests) | risk:medium delete not executed with live DB
RAPI-0088,后台：imports 审计查看,imports 列表可查看 detail 失败原因。,后台功能可用且不影响线上请求；相关数据来源明确；必要时加权限限制。,manual: 浏览器验证,manual,DONE,DONE,TODO,src/admin/adminJs.ts | src/admin/resources/imports.*,RAPI-0084,ref: 随机api开发规划.md#8.2 | start_at:2026-02-01 | done_at:2026-02-01 | evidence:npm run build OK | evidence:/admin HTML contains Import resource and detail property in showProperties | validation_limited:postgres unreachable (127.0.0.1:5432 closed; docker daemon down) so cannot view real Import records | manual_test:start postgres then create Import rows (with detail json) and open /admin -> Import -> show record includes detail | evidence:npm test OK (vitest 30 files 125 tests) | risk:medium UI not exercised with live DB | push_limited:git push failed (connection reset) | manual_test:git push when network ok | evidence:local_commit_created
RAPI-0089,后台：dashboard 统计,展示请求数/成功率/延迟 P50/P90/P95/broken 占比/top 错误/内存。,后台功能可用且不影响线上请求；相关数据来源明确；必要时加权限限制。,manual: 浏览器验证,manual,DONE,DONE,TODO,src/admin/pages/dashboard.* | src/metrics/**,RAPI-0084,ref: 随机api开发规划.md#8.2 | done_at:2026-02-01 | validation_limited:docker daemon unavailable (npipe not found); cannot bring up postgres/memcached for browser verification | manual_test:run backend with DB (e.g. docker-compose dev); set ADMIN_TOKEN; open /admin?token=<ADMIN_TOKEN> and confirm dashboard renders Summary/Process/Images/Imports/Metrics | evidence:npm run build OK; dist/src/admin/pages/dashboard.js exists; adminJs dashboard handler is wired | push_limited:git push failed (github.com:443 unreachable) | manual_push:re-run `git push` when network allows | risk:medium dashboard queries depend on DB connectivity
RAPI-0090,导入：parsePixivUrl(url) 正则解析,实现 parsePixivUrl：从 Pixiv 原图 URL 提取 illust_id/page_index/ext；支持 jpg/jpeg/png/gif/webp；不支持返回 unsupported_url。,解析正确；错误码明确；单元测试覆盖。,manual: `npm test`,manual,DONE,DONE,TODO,src/utils/parsePixivUrl.* | test/**,RAPI-0009,ref: 随机api开发规划.md#7.1 | start_at:2026-02-01 | done_at:2026-02-01 | evidence:src/utils/parsePixivUrl.js + src/utils/parsePixivUrl.ts | evidence:test/parse_pixiv_url.test.ts (7 cases) | evidence:npm test OK (vitest 31 files 132 tests)
RAPI-0091,测试：parsePixivUrl,覆盖多种 URL（含 _p0/_p1 与后缀）；不支持 URL 返回错误。,新增测试覆盖正向/边界/非法输入；CI 可运行；不依赖真实 Pixiv。,manual: `npm test`,manual,DONE,DONE,TODO,test/parse_pixiv_url.*,RAPI-0090|RAPI-0009,start_at:2026-02-01 | done_at:2026-02-01 | evidence:test/parse_pixiv_url.test.ts (9 cases) | evidence:npm test OK (vitest 31 files 134 tests)
RAPI-0092,后台：POST /admin/images/import（textarea+file）,"实现导入：textarea/文件；逐行解析→去重→upsert images(illust_id,page_index)→写 random_key/proxy_path→写 imports 审计→enqueue hydrate_metadata。",导入后 images 立刻可被 /random 命中；重复导入不重复记录；返回成功/失败明细。,manual: curl -X POST /admin/images/import,manual,DONE,DONE,TODO,src/routes/adminImport.* | src/services/import/** | src/repositories/**,RAPI-0082|RAPI-0034|RAPI-0036|RAPI-0090,ref: 随机api开发规划.md#7.2 | done_at:2026-02-01 | validation_limited:cannot run real curl against running backend; docker daemon unavailable; no postgres | manual_test:run backend with DB; curl -F urls='<urls...>' -F file=@urls.txt -H 'Authorization: Bearer <ADMIN_TOKEN>' http://127.0.0.1:3000/admin/images/import | evidence:npm run build OK; npm test OK; node supertest stub => status 200; total_lines=3; unique_images=1; deduped=1; success=1; failed=1 | note:proxy_path normalized to /i/<image_id>.<ext>; hydrate enqueue placeholder=0 | push_limited:git push failed (github.com:443 unreachable) | manual_push:re-run `git push` when network allows | risk:medium depends on DB; queue enqueue pending
RAPI-0093,测试：admin import,覆盖 textarea 导入、文件导入、非法 URL、重复导入、审计写入。,新增测试覆盖正向/边界/非法输入；CI 可运行；不依赖真实 Pixiv。,manual: `npm test`,manual,DONE,DONE,TODO,test/admin_import.*,RAPI-0092|RAPI-0009,done_at:2026-02-01 | evidence:npm test OK (vitest run); added test/admin_import.test.ts covers textarea; file upload; invalid url; dedupe; audit write | push_limited:git push failed (github.com:443 unreachable) | manual_push:re-run `git push` when network allows | risk:low
RAPI-0094,队列：pg-boss 初始化 + worker,引入 pg-boss；封装 enqueue/worker；与 /healthz 集成；提供 docs/queue.md。,可执行 demo job；/healthz 报告 queue；失败可恢复。,manual: enqueue demo job,manual,DONE,DONE,TODO,src/queue/** | docs/queue.md,RAPI-0027|RAPI-0020,ref: 随机api开发规划.md#7.2 | done_at:2026-02-01 | evidence:npm run build OK; added src/queue/queue.ts + src/queue/demo.ts + docs/queue.md; healthz.ts uses getQueueHealth | validation_limited:docker/pgsql unavailable; cannot run real demo job | manual_test:set DATABASE_URL; npm run build; node dist/src/queue/demo.js; GET /healthz should show queue ok | push_limited:git push failed (github.com:443 unreachable) | manual_push:re-run `git push` when network allows | risk:medium requires postgres
RAPI-0095,任务：hydrate_metadata(illust_id) 补全元信息,实现 hydrate_metadata job：调用 Pixiv illust/detail（冷路径）；解析并枚举每个 page 的 original_url；把字段映射拆分为独立函数（字段映射在后续 RAPI-0173..0186 完成）。,可跑通 hydrate 任务（mock Pixiv）；每页 URL 解析正确；失败可重试；不会泄漏 token；测试覆盖。,manual: `npm test`,manual,DONE,DONE,TODO,src/jobs/hydrateMetadata.* | src/services/pixivService.* | src/repositories/** | test/**,RAPI-0094|RAPI-0022|RAPI-0023|RAPI-0035|RAPI-0009,ref: 随机api开发规划.md#7.2 | done_at:2026-02-01 | evidence:npm test OK; added src/jobs/hydrateMetadata.ts (hydrateMetadata + enqueueHydrateMetadata + registerHydrateMetadataWorker) | note:field mappings are deferred to RAPI-0173..0186 | risk:medium depends on pixiv upstream and queue
RAPI-0096,测试：hydrate_metadata,mock Pixiv detail 单页/多页；断言 hydrateMetadata 枚举 pages(original_url/pageIndex/ext)；非法输入返回错误。,新增测试覆盖正向/边界/非法输入；CI 可运行；不依赖真实 Pixiv。,manual: `npm test`,manual,DONE,DONE,TODO,test/job_hydrate_metadata.*,RAPI-0095|RAPI-0009,done_at:2026-02-01 | evidence:npm test OK; added test/job_hydrate_metadata.test.ts covers single/multi/error cases | risk:low
RAPI-0097,任务：heal_url(illust_id) 自愈刷新 original_url,当代理失败(404/403)时 enqueue heal_url；拉取 illust/detail 更新 original_url；若恢复则 status->active。,触发条件正确；可恢复；失败退避重试；测试覆盖。,manual: `npm test`,manual,DONE,DONE,TODO,src/jobs/healUrl.* | src/repositories/imagesRepo.* | src/queue/queue.ts | src/controllers/imageByIdController.ts | test/**,RAPI-0094|RAPI-0022|RAPI-0034|RAPI-0009,ref: 随机api开发规划.md#7.4 | done_at:2026-02-01 | evidence:npm test OK; added src/jobs/healUrl.ts (healUrl/enqueueHealUrl/registerHealUrlWorker) with retryBackoff; imagesRepo.healOriginalUrlsForIllust updates original_url/status; imageByIdController enqueues heal_url on 403/404; updated test/image_by_id.test.ts + added test/heal_url_enqueue.test.ts | risk:low
RAPI-0098,测试：heal_url,模拟 URL 变更：heal 后 original_url 更新且状态恢复。,新增测试覆盖正向/边界/非法输入；CI 可运行；不依赖真实 Pixiv。,manual: `npm test`,manual,DONE,DONE,TODO,test/job_heal_url.*,RAPI-0097|RAPI-0009,done_at:2026-02-01 | evidence:npm test OK; added test/job_heal_url.test.ts covers multi-page url change (original_url update + status restore) | single-page | Pixiv error payload | risk:low
RAPI-0099,安全：公网端点限流（IP/Key）,"引入 express-rate-limit；对 /random,/i,/images 限流；返回 429 + Retry-After；可选 API key 提升额度。",限流生效；阈值可配置；测试覆盖。,manual: 压测触发 429,manual,DONE,DONE,TODO,src/middlewares/rateLimit.* | app.* | src/config/** | test/** | package.json | package-lock.json,RAPI-0019|RAPI-0041,ref: 随机api开发规划.md#8.2 | done_at:2026-02-01 | evidence:npm test OK; manual pressure via supertest shows req1/2=200 req3=429 retry-after=60; /random|/i|/images limited by IP; valid x-api-key gets higher quota | note: fixed RAPI-0098 Notes commas to pass CSV validator | push_limited:git push failed (Recv failure: Connection was reset) | manual_push:re-run `git push` when network allows | risk:low
RAPI-0100,HTTP：axios 实例统一（timeout/keep-alive/大小限制）,封装 axios client：keep-alive agent、timeout、响应大小限制；供图片代理与 Pixiv API 使用。,不会把大图全读入内存；超时可控；连接复用。,manual: `npm test`,manual,DONE,DONE,TODO,src/http/axiosClient.* | src/http/pixivImageHttp.ts | src/services/pixivService.* | src/services/pixivAuthService.* | test/**,RAPI-0020|RAPI-0009,done_at:2026-02-02 | evidence:npm test OK; added src/http/axiosClient.ts + src/http/axiosClient.cjs; pixivService.* and pixivAuthService.* use shared keep-alive agents plus timeout and size limits; pixivImageHttp.ts uses pixivImageGet stream | added test/axios_client.test.ts | push_limited:git push failed (Recv failure: Connection was reset) | manual_push:re-run `git push` when network allows | risk:low
RAPI-0101,稳健：axios-retry（网络/超时小重试）,为 axios client 配置 axios-retry：仅网络/5xx/超时触发；指数退避；限制次数。,网络抖动成功率提高；不会无脑重试；测试覆盖。,manual: `npm test`,manual,DONE,DONE,TODO,src/http/axiosClient.* | test/** | package.json | package-lock.json,RAPI-0100|RAPI-0009,ref: 随机api开发规划.md#9.2 | done_at:2026-02-01 | evidence:npm test OK (vitest run) | evidence:axios-retry configured retries=2 + exponentialDelay; stream excluded; timeout+network/idempotent retryCondition | evidence:test/axios_retry_config.test.ts | push_limited:git push failed (Connection was reset) | manual_push:re-run git push when network allows | risk:low
RAPI-0102,稳健：Pixiv API 熔断（opossum）,为 Pixiv API 调用增加熔断：失败阈值、半开恢复、超时；熔断打开快速失败并降级。,熔断状态可观测；避免雪崩；测试覆盖。,manual: `npm test`,manual,DONE,DONE,TODO,src/resilience/circuit.* | src/services/pixivService.* | test/** | package.json | package-lock.json,RAPI-0101|RAPI-0022|RAPI-0009,ref: 随机api开发规划.md#9.2 | done_at:2026-02-01 | evidence:npm test OK (vitest run) | evidence:opossum circuit breaker wraps Pixiv API (fast-fail open; half-open recovery; logs open/halfOpen/close) | evidence:test/pixiv_circuit.test.ts | evidence:test/pixiv_service_circuit_open.test.ts
RAPI-0103,指标：http_requests_total,实现指标 http_requests_total：按 route/method/status 统计请求数,/metrics 输出包含该指标；指标命名与 label 规范一致；不泄漏敏感信息。,manual: npm test,manual,DONE,DONE,TODO,src/metrics/httpMetrics.* | src/routes/metrics.* | src/middlewares/httpLoggerMiddleware.* | test/metrics.test.ts,RAPI-0044,ref: 随机api开发规划.md#8.2 | done_at:2026-02-01 | evidence:npm test OK (vitest run) | evidence:metric http_requests_total registered and exported in /metrics | evidence:labels method/route/status (route uses express route pattern or unmatched) | evidence:middleware increments on response finish | push_limited:git push failed (Connection reset/unreachable) | manual_push:re-run git push when network allows | risk:low
RAPI-0104,指标：request_duration_seconds,实现指标 request_duration_seconds：请求延迟直方图（route/status）,/metrics 输出包含该指标；指标命名与 label 规范一致；不泄漏敏感信息。,manual: npm test,manual,DONE,DONE,TODO,src/metrics/httpMetrics.* | src/routes/metrics.* | src/middlewares/httpLoggerMiddleware.* | test/metrics.test.ts,RAPI-0044,ref: 随机api开发规划.md#8.2 | done_at:2026-02-01 | evidence:npm test OK (vitest run) | evidence:histogram request_duration_seconds (labels route/status; buckets 0.01..20s) exported in /metrics | evidence:observed from httpLoggerMiddleware on finish
RAPI-0105,指标：random_success_total,实现指标 random_success_total：random 成功次数,/metrics 输出包含该指标；指标命名与 label 规范一致；不泄漏敏感信息。,manual: npm test,manual,DONE,DONE,TODO,src/metrics/randomMetrics.* | src/routes/metrics.* | src/routes/random.ts | test/metrics.test.ts,RAPI-0044,ref: 随机api开发规划.md#8.2 | done_at:2026-02-01 | evidence:npm test OK (vitest run) | evidence:metric random_success_total exported in /metrics | evidence:/random increments success counter on successful pick (redirect/json/image)
RAPI-0106,指标：random_fail_total,实现指标 random_fail_total：random 失败次数,/metrics 输出包含该指标；指标命名与 label 规范一致；不泄漏敏感信息。,manual: npm test,manual,DONE,DONE,TODO,src/metrics/randomMetrics.* | src/routes/metrics.* | src/routes/random.ts | test/metrics.test.ts,RAPI-0044,ref: 随机api开发规划.md#8.2 | done_at:2026-02-01 | evidence:npm test OK (vitest run) | evidence:metric random_fail_total exported in /metrics | evidence:/random increments fail counter on thrown errors and stream errors | push_limited:git push failed (Connection reset/unreachable) | manual_push:re-run git push when network allows | risk:low
RAPI-0107,指标：random_attempts_histogram,实现指标 random_attempts_histogram：random attempts 分布,/metrics 输出包含该指标；指标命名与 label 规范一致；不泄漏敏感信息。,manual: npm test,manual,DONE,DONE,TODO,src/metrics/randomMetrics.* | src/routes/metrics.* | src/routes/random.ts | test/metrics.test.ts,RAPI-0044,ref: 随机api开发规划.md#8.2 | done_at:2026-02-01 | evidence:npm test OK (vitest run) | evidence:histogram random_attempts_histogram exported in /metrics (buckets 1..10) | evidence:observed attemptsUsed for /random stream successes
RAPI-0108,指标：upstream_errors_total,实现指标 upstream_errors_total：上游错误按类型统计（network/404/403/5xx/rate_limit）,/metrics 输出包含该指标；指标命名与 label 规范一致；不泄漏敏感信息。,manual: npm test,manual,DONE,DONE,TODO,src/metrics/upstreamMetrics.* | src/routes/metrics.* | src/services/pixivService.* | src/services/randomService.ts,RAPI-0044,ref: 随机api开发规划.md#8.2 | done_at:2026-02-01 | evidence:npm test OK (vitest run) | evidence:metric upstream_errors_total(type=network|404|403|5xx|rate_limit) exported in /metrics | evidence:pixivService/randomService increments on classified upstream failures
RAPI-0109,指标：db_query_duration_seconds,实现指标 db_query_duration_seconds：DB 查询耗时（query_name）,/metrics 输出包含该指标；指标命名与 label 规范一致；不泄漏敏感信息。,manual: npm test,manual,DONE,DONE,TODO,src/metrics/dbMetrics.* | src/routes/metrics.* | src/db/prismaClient.ts | test/metrics.test.ts,RAPI-0044,ref: 随机api开发规划.md#8.2 | done_at:2026-02-01 | evidence:npm test OK (vitest run) | evidence:histogram db_query_duration_seconds(query_name) exported in /metrics | evidence:Prisma middleware observes model.action duration
RAPI-0110,合规：默认 r18=0 + 后台区分 R18/R18G,确保 /random 默认 r18=0；后台列表清晰标记 x_restrict=1/2；统计可见占比。,默认不返回 R18；显式 r18=1/2 才返回；后台标记清晰。,manual: curl /random (无 r18 参数),manual,DONE,DONE,TODO,src/routes/random.* | src/admin/resources/images.* | test/random_filter_r18.test.ts,RAPI-0052|RAPI-0084,ref: 随机api开发规划.md#11 | note:r18_any now rejected for compliance | done_at:2026-02-02 | validation_limited:docker daemon not running so cannot curl /random against real Postgres | manual_test:start docker desktop; docker compose up -d postgres memcached; npm run prisma:migrate; npm run build; node dist/app.js; curl http://127.0.0.1:3000/random | evidence:npm test (vitest run) exit0; test/random_filter_r18.test.ts asserts default xRestrict=0 and r18=any=400 | risk:medium not exercised with real DB; x_restrict null images may impact pool size
RAPI-0111,安全：后台动作审计日志（import/enable/disable/delete）,为后台关键动作记录审计：who/when/what/target；可写 DB 表或日志；便于合规追溯。,每次动作产生审计；可查询；不记录敏感 token。,manual: 执行一次 disable 并查看审计,manual,DONE,DONE,TODO,src/audit/** | prisma/schema.prisma | src/admin/** | test/admin_import.test.ts | src/routes/adminImport.ts | src/admin/resources/adminAudits.ts,RAPI-0084|RAPI-0028,ref: 随机api开发规划.md#11 | start_at:2026-02-02 | done_at:2026-02-02 | validation_limited:docker engine not ready so cannot execute /admin disable against real Postgres | manual_test:start Docker Desktop; docker compose up -d; set ADMIN_TOKEN; npm run prisma:migrate; then open /admin and run Image->disable; verify AdminAudit resource has new row | evidence:npm test (vitest run) exit0 | evidence:npm run prisma:generate (with DATABASE_URL) exit0; AdminAudit model available for AdminJS | risk:medium DB-dependent behavior not exercised; audit persist is best-effort + logs always
RAPI-0112,可选：imgproxy 签名 URL 生成（仅 JSON 返回）,新增 IMGPROXY_URL/KEY/SALT；实现签名 URL 生成；只在 JSON 返回中给出签名后的 transform URL。,未配置不输出；配置后输出签名 URL；文档说明 DoS 风险与签名必要性。,manual: `npm test` (includes imgproxy URL unit test),manual,DONE,DONE,TODO,src/imgproxy/** | docs/imgproxy.md | src/routes/random.ts | src/contracts/randomResponse.ts | test/random_imgproxy.test.ts,RAPI-0019|RAPI-0080,"ref: 随机api开发规划.md#9.3 | start_at:2026-02-02 | done_at:2026-02-02 | evidence:src/imgproxy/imgproxy.ts implements signed URL (HMAC-SHA256, base64url) | evidence:/random?format=json emits urls.imgproxy only when IMGPROXY_* configured | evidence:npm test (vitest run) exit0; test/random_imgproxy.test.ts covers signing vector + enabled/disabled behavior | risk:low optional feature gated by env | push_limited:git push failed (Recv failure: Connection was reset) | manual_push:re-run `git push` when network allows | evidence:local_commit_created"
RAPI-0113,CI：GitHub Actions（lint+test）,添加 workflow：npm ci；lint；test；可选 postgres service 供 integration tests。；确保 lint 在 CI 中可通过（TS 关闭 core no-unused-vars）。（修正 eslint 报错：dashboard.js/react disable + metrics realm escape）。,push/PR 触发；输出清晰；失败可定位。；workflow 中 lint+test 可通过。,manual: push 触发 CI,manual,DONE,DONE,TODO,.github/workflows/ci.yml | eslint.config.mjs | src/routes/metrics.ts | src/routes/metrics.js | src/admin/pages/dashboard.js,RAPI-0008|RAPI-0009,"start_at:2026-02-02 | done_at:2026-02-02 | evidence:.github/workflows/ci.yml runs npm ci + lint + test; sets dummy DATABASE_URL for Prisma config | evidence:npm run lint exit0 (warnings only) | evidence:npm test (vitest run) exit0 | validation_limited:cannot confirm GitHub Actions run result from this environment (no gh) | manual_test:after push, open GitHub -> Actions -> ci workflow and verify latest run on branch test | risk:low workflow uses existing scripts"
RAPI-0114,回归：一键回归脚本（lint+test+smoke）,新增 npm run test:all（或 pwsh 脚本）串联 lint/test/smoke；更新 docs/testing-policy 用法。,一条命令可跑完关键回归；输出清晰；CI 可复用。,manual: `npm run test:all`,manual,DONE,DONE,TODO,package.json | test/** | docs/testing-policy.md,RAPI-0009|RAPI-0018,"start_at:2026-02-02 | done_at:2026-02-02 | evidence:package.json adds npm scripts smoke + test:all | evidence:docs/testing-policy.md recommends npm run test:all for regression | evidence:npm run test:all exit0 (eslint warnings only; vitest: 41 files passed, 157 tests passed; smoke: 1 file passed, 2 tests passed) | risk:low"
RAPI-0115,OpenAPI：GET /healthz,在 OpenAPI 中补充/校验 GET /healthz：path params、query params、响应 schema、错误码、关键响应头（Cache-Control/CORS/Retry-After/Location）。,OpenAPI 校验通过；字段/错误码/响应头与实现一致；不含过时字段。,manual: openapi lint/validate（按项目约定）,manual,DONE,DONE,TODO,docs/openapi/**,RAPI-0005|RAPI-0042,"ref: 随机api开发规划.md#6.2 | start_at:2026-02-02 | done_at:2026-02-02 | evidence:docs/openapi/openapi.yaml /healthz adds 503 + X-Request-Id; HealthzResponse includes queue + error | evidence:npx --yes swagger-cli validate docs/openapi/openapi.yaml => valid | risk:low"
RAPI-0116,OpenAPI：GET /metrics,在 OpenAPI 中补充/校验 GET /metrics：path params、query params、响应 schema、错误码、关键响应头（Cache-Control/CORS/Retry-After/Location）。,OpenAPI 校验通过；字段/错误码/响应头与实现一致；不含过时字段。,manual: openapi lint/validate（按项目约定）,manual,DONE,DONE,TODO,docs/openapi/**,RAPI-0005|RAPI-0044,"ref: 随机api开发规划.md#6.2 | start_at:2026-02-02 | done_at:2026-02-02 | evidence:docs/openapi/openapi.yaml /metrics adds 401/404/500 responses + X-Request-Id + WWW-Authenticate | evidence:npx --yes swagger-cli validate docs/openapi/openapi.yaml => valid | risk:low"
RAPI-0117,OpenAPI：GET /images/:id,在 OpenAPI 中补充/校验 GET /images/:id：path params、query params、响应 schema、错误码、关键响应头（Cache-Control/CORS/Retry-After/Location）。,OpenAPI 校验通过；字段/错误码/响应头与实现一致；不含过时字段。,manual: openapi lint/validate（按项目约定）,manual,DONE,DONE,TODO,docs/openapi/**,RAPI-0005|RAPI-0046,"ref: 随机api开发规划.md#6.2 | start_at:2026-02-02 | done_at:2026-02-02 | evidence:docs/openapi/openapi.yaml /images/{id} adds 500 response; Cache-Control clarified to always no-store | evidence:npx --yes swagger-cli validate docs/openapi/openapi.yaml => valid | risk:low"
RAPI-0118,OpenAPI：GET /i/:id.:ext,在 OpenAPI 中补充/校验 GET /i/:id.:ext：path params、query params、响应 schema、错误码、关键响应头（Cache-Control/CORS/Retry-After/Location）。,OpenAPI 校验通过；字段/错误码/响应头与实现一致；不含过时字段。,manual: openapi lint/validate（按项目约定）,manual,DONE,DONE,TODO,docs/openapi/**,RAPI-0005|RAPI-0048,"ref: 随机api开发规划.md#2.2 | start_at:2026-02-02 | done_at:2026-02-02 | evidence:docs/openapi/openapi.yaml /i/{id}.{ext} documents CORS + long cache; replaces JSON errors with HTML (400/404/502) | evidence:npx --yes swagger-cli validate docs/openapi/openapi.yaml => valid | risk:low"
RAPI-0119,OpenAPI：GET /random,在 OpenAPI 中补充/校验 GET /random：path params、query params、响应 schema、错误码、关键响应头（Cache-Control/CORS/Retry-After/Location）。,OpenAPI 校验通过；字段/错误码/响应头与实现一致；不含过时字段。,manual: openapi lint/validate（按项目约定）,manual,DONE,DONE,TODO,docs/openapi/**,RAPI-0005|RAPI-0052,"ref: 随机api开发规划.md#6.2 | start_at:2026-02-02 | done_at:2026-02-02 | evidence:docs/openapi/openapi.yaml /random documents CORS (Access-Control-Allow-Origin) + stream headers (X-Origin-URL/X-Crawl-Date) + rate limit 429 (Retry-After/RateLimit) | evidence:npx --yes swagger-cli validate docs/openapi/openapi.yaml => valid | risk:low"
RAPI-0120,OpenAPI：POST /admin/images/import,在 OpenAPI 中补充/校验 POST /admin/images/import：path params、query params、响应 schema、错误码、关键响应头（Cache-Control/CORS/Retry-After/Location）。,OpenAPI 校验通过；字段/错误码/响应头与实现一致；不含过时字段。,manual: openapi lint/validate（按项目约定）,manual,DONE,DONE,TODO,docs/openapi/**,RAPI-0005|RAPI-0092,"ref: 随机api开发规划.md#7.2 | start_at:2026-02-02 | done_at:2026-02-02 | evidence:docs/openapi/openapi.yaml updates /admin/images/import request fields + headers + 200/401/500 codes; refreshes AdminImportResponse schema to match implementation | evidence:npx --yes swagger-cli validate docs/openapi/openapi.yaml => valid | risk:low"
RAPI-0121,OpenAPI：/random 参数 format,在 OpenAPI 中补充 /random 参数 format 的类型、默认值、边界、错误码与示例。,OpenAPI 中参数定义完整；示例可用；与实现一致。,manual: openapi validate,manual,DONE,DONE,TODO,docs/openapi/**,RAPI-0005|RAPI-0054,"ref: 随机api开发规划.md#6.3 | start_at:2026-02-02 | done_at:2026-02-02 | evidence:docs/openapi/openapi.yaml RandomFormat adds description + examples + 400 behavior note | evidence:npx --yes swagger-cli validate docs/openapi/openapi.yaml => valid | risk:low"
RAPI-0122,文档：/random 参数 format,在 docs/api/random.md 或 README 中补充参数 format 的说明、示例、常见坑与推荐用法。,文档说明清晰；示例可执行；与实现一致。,manual: 逐项核对文档,manual,DONE,DONE,TODO,docs/api/random.md,RAPI-0004|RAPI-0054,"ref: 随机api开发规划.md#6.3 | start_at:2026-02-02 | done_at:2026-02-02 | evidence:docs/api/random.md adds format usage + curl examples + pitfalls | evidence:manual_check vs src/routes/random.ts (format default=image; format=json; redirect overrides format; invalid => 400 BAD_REQUEST Invalid format.) | risk:low"
RAPI-0123,OpenAPI：/random 参数 redirect,在 OpenAPI 中补充 /random 参数 redirect 的类型、默认值、边界、错误码与示例。,OpenAPI 中参数定义完整；示例可用；与实现一致。,manual: openapi validate,manual,DONE,DONE,TODO,docs/openapi/**,RAPI-0005|RAPI-0056,"ref: 随机api开发规划.md#6.3 | start_at:2026-02-02 | done_at:2026-02-02 | evidence:docs/openapi/openapi.yaml RandomRedirect adds description + examples + 400 behavior note | evidence:npx --yes swagger-cli validate docs/openapi/openapi.yaml => valid | risk:low"
RAPI-0124,文档：/random 参数 redirect,在 docs/api/random.md 或 README 中补充参数 redirect 的说明、示例、常见坑与推荐用法。,文档说明清晰；示例可执行；与实现一致。,manual: 逐项核对文档,manual,DONE,DONE,TODO,docs/api/random.md,RAPI-0004|RAPI-0056,"ref: 随机api开发规划.md#6.3 | start_at:2026-02-02 | done_at:2026-02-02 | evidence:docs/api/random.md adds redirect usage + curl examples + pitfalls | evidence:manual_check vs src/routes/random.ts (redirect=1 => 302 Location /i/:id.:ext; redirect overrides format; invalid => 400 BAD_REQUEST Invalid redirect.) | risk:low"
RAPI-0125,OpenAPI：/random 参数 attempts,在 OpenAPI 中补充 /random 参数 attempts 的类型、默认值、边界、错误码与示例。,OpenAPI 中参数定义完整；示例可用；与实现一致。,manual: openapi validate,manual,DONE,DONE,TODO,docs/openapi/**,RAPI-0005|RAPI-0058,"ref: 随机api开发规划.md#6.3 | start_at:2026-02-02 | done_at:2026-02-02 | evidence:docs/openapi/openapi.yaml RandomAttempts adds description + examples + clamp behavior note | evidence:npx --yes swagger-cli validate docs/openapi/openapi.yaml => valid | risk:low"
RAPI-0126,文档：/random 参数 attempts,在 docs/api/random.md 或 README 中补充参数 attempts 的说明、示例、常见坑与推荐用法。,文档说明清晰；示例可执行；与实现一致。,manual: 逐项核对文档,manual,DONE,DONE,TODO,docs/api/random.md,RAPI-0004|RAPI-0058,"ref: 随机api开发规划.md#6.3 | start_at:2026-02-02 | done_at:2026-02-02 | evidence:docs/api/random.md adds attempts usage + examples + pitfalls | evidence:manual_check vs src/routes/random.ts (default=3; non-integer => 400 Invalid attempts.; value clamped to [1,10]) | risk:low"
RAPI-0127,OpenAPI：/random 参数 seed,在 OpenAPI 中补充 /random 参数 seed 的类型、默认值、边界、错误码与示例。,OpenAPI 中参数定义完整；示例可用；与实现一致。,manual: openapi validate,manual,DONE,DONE,TODO,docs/openapi/**,RAPI-0005|RAPI-0060,"ref: 随机api开发规划.md#6.3 | start_at:2026-02-02 | done_at:2026-02-02 | evidence:docs/openapi/openapi.yaml RandomSeed adds description + examples + 400 behavior note | evidence:npx --yes swagger-cli validate docs/openapi/openapi.yaml => valid | risk:low"
RAPI-0128,文档：/random 参数 seed,在 docs/api/random.md 或 README 中补充参数 seed 的说明、示例、常见坑与推荐用法。,文档说明清晰；示例可执行；与实现一致。,manual: 逐项核对文档,manual,DONE,DONE,TODO,docs/api/random.md,RAPI-0004|RAPI-0060,"ref: 随机api开发规划.md#6.3 | start_at:2026-02-02 | done_at:2026-02-02 | evidence:docs/api/random.md adds seed usage + example + pitfalls | evidence:manual_check vs src/routes/random.ts (seed optional; empty => 400 Invalid seed.; deterministic RNG when provided) | risk:low"
RAPI-0129,OpenAPI：/random 过滤 r18,在 OpenAPI 中补充 /random 过滤 r18：类型、默认值、组合语义（AND/NOT）、限制与示例。,OpenAPI 中过滤定义完整；组合语义不歧义；与实现一致。,manual: openapi validate,manual,DONE,DONE,TODO,docs/openapi/**,RAPI-0005|RAPI-0062,"ref: 随机api开发规划.md#6.3 | start_at:2026-02-02 | done_at:2026-02-02 | evidence:docs/openapi/openapi.yaml FilterR18 expands semantics + examples + 400 behavior note | evidence:npx --yes swagger-cli validate docs/openapi/openapi.yaml => valid | risk:low"
RAPI-0130,文档：/random 过滤 r18,在 docs/api/random.md 或 README 中补充过滤 r18 的语义、示例与注意事项（性能/标签 AND 语义等）。,文档说明清晰；包含示例；与实现一致。,manual: 逐项核对文档,manual,DONE,DONE,TODO,docs/api/random.md,RAPI-0004|RAPI-0062,"ref: 随机api开发规划.md#6.3 | start_at:2026-02-02 | done_at:2026-02-02 | evidence:docs/api/random.md adds r18 semantics + examples + notes | evidence:manual_check vs src/routes/random.ts (default r18=0; only 0/1/2; invalid => 400 Invalid r18.) | risk:low"
RAPI-0131,OpenAPI：/random 过滤 orientation,在 OpenAPI 中补充 /random 过滤 orientation：类型、默认值、组合语义（AND/NOT）、限制与示例。,OpenAPI 中过滤定义完整；组合语义不歧义；与实现一致。,manual: openapi validate,manual,DONE,DONE,TODO,docs/openapi/**,RAPI-0005|RAPI-0064,"ref: 随机api开发规划.md#6.3 | start_at:2026-02-02 | done_at:2026-02-02 | evidence:docs/openapi/openapi.yaml FilterOrientation adds semantics + examples + 400 behavior note | evidence:npx --yes swagger-cli validate docs/openapi/openapi.yaml => valid | risk:low"
RAPI-0132,文档：/random 过滤 orientation,在 docs/api/random.md 或 README 中补充过滤 orientation 的语义、示例与注意事项（性能/标签 AND 语义等）。,文档说明清晰；包含示例；与实现一致。,manual: 逐项核对文档,manual,DONE,DONE,TODO,docs/api/random.md,RAPI-0004|RAPI-0064,"ref: 随机api开发规划.md#6.3 | start_at:2026-02-02 | done_at:2026-02-02 | evidence:docs/api/random.md adds orientation semantics + examples + notes | evidence:manual_check vs src/routes/random.ts (any=>no filter; invalid=>400 Invalid orientation.) | risk:low"
RAPI-0133,OpenAPI：/random 过滤 min_width,在 OpenAPI 中补充 /random 过滤 min_width：类型、默认值、组合语义（AND/NOT）、限制与示例。,OpenAPI 中过滤定义完整；组合语义不歧义；与实现一致。,manual: openapi validate,manual,TODO,TODO,TODO,docs/openapi/**,RAPI-0005|RAPI-0066,ref: 随机api开发规划.md#6.3
RAPI-0134,文档：/random 过滤 min_width,在 docs/api/random.md 或 README 中补充过滤 min_width 的语义、示例与注意事项（性能/标签 AND 语义等）。,文档说明清晰；包含示例；与实现一致。,manual: 逐项核对文档,manual,TODO,TODO,TODO,docs/api/random.md,RAPI-0004|RAPI-0066,ref: 随机api开发规划.md#6.3
RAPI-0135,OpenAPI：/random 过滤 min_height,在 OpenAPI 中补充 /random 过滤 min_height：类型、默认值、组合语义（AND/NOT）、限制与示例。,OpenAPI 中过滤定义完整；组合语义不歧义；与实现一致。,manual: openapi validate,manual,TODO,TODO,TODO,docs/openapi/**,RAPI-0005|RAPI-0068,ref: 随机api开发规划.md#6.3
RAPI-0136,文档：/random 过滤 min_height,在 docs/api/random.md 或 README 中补充过滤 min_height 的语义、示例与注意事项（性能/标签 AND 语义等）。,文档说明清晰；包含示例；与实现一致。,manual: 逐项核对文档,manual,TODO,TODO,TODO,docs/api/random.md,RAPI-0004|RAPI-0068,ref: 随机api开发规划.md#6.3
RAPI-0137,OpenAPI：/random 过滤 min_pixels,在 OpenAPI 中补充 /random 过滤 min_pixels：类型、默认值、组合语义（AND/NOT）、限制与示例。,OpenAPI 中过滤定义完整；组合语义不歧义；与实现一致。,manual: openapi validate,manual,TODO,TODO,TODO,docs/openapi/**,RAPI-0005|RAPI-0070,ref: 随机api开发规划.md#6.3
RAPI-0138,文档：/random 过滤 min_pixels,在 docs/api/random.md 或 README 中补充过滤 min_pixels 的语义、示例与注意事项（性能/标签 AND 语义等）。,文档说明清晰；包含示例；与实现一致。,manual: 逐项核对文档,manual,TODO,TODO,TODO,docs/api/random.md,RAPI-0004|RAPI-0070,ref: 随机api开发规划.md#6.3
RAPI-0139,OpenAPI：/random 过滤 included_tags,在 OpenAPI 中补充 /random 过滤 included_tags：类型、默认值、组合语义（AND/NOT）、限制与示例。,OpenAPI 中过滤定义完整；组合语义不歧义；与实现一致。,manual: openapi validate,manual,TODO,TODO,TODO,docs/openapi/**,RAPI-0005|RAPI-0072,ref: 随机api开发规划.md#6.3
RAPI-0140,文档：/random 过滤 included_tags,在 docs/api/random.md 或 README 中补充过滤 included_tags 的语义、示例与注意事项（性能/标签 AND 语义等）。,文档说明清晰；包含示例；与实现一致。,manual: 逐项核对文档,manual,TODO,TODO,TODO,docs/api/random.md,RAPI-0004|RAPI-0072,ref: 随机api开发规划.md#6.3
RAPI-0141,OpenAPI：/random 过滤 excluded_tags,在 OpenAPI 中补充 /random 过滤 excluded_tags：类型、默认值、组合语义（AND/NOT）、限制与示例。,OpenAPI 中过滤定义完整；组合语义不歧义；与实现一致。,manual: openapi validate,manual,TODO,TODO,TODO,docs/openapi/**,RAPI-0005|RAPI-0074,ref: 随机api开发规划.md#6.3
RAPI-0142,文档：/random 过滤 excluded_tags,在 docs/api/random.md 或 README 中补充过滤 excluded_tags 的语义、示例与注意事项（性能/标签 AND 语义等）。,文档说明清晰；包含示例；与实现一致。,manual: 逐项核对文档,manual,TODO,TODO,TODO,docs/api/random.md,RAPI-0004|RAPI-0074,ref: 随机api开发规划.md#6.3
RAPI-0143,OpenAPI：/random 过滤 user_id,在 OpenAPI 中补充 /random 过滤 user_id：类型、默认值、组合语义（AND/NOT）、限制与示例。,OpenAPI 中过滤定义完整；组合语义不歧义；与实现一致。,manual: openapi validate,manual,TODO,TODO,TODO,docs/openapi/**,RAPI-0005|RAPI-0076,ref: 随机api开发规划.md#6.3
RAPI-0144,文档：/random 过滤 user_id,在 docs/api/random.md 或 README 中补充过滤 user_id 的语义、示例与注意事项（性能/标签 AND 语义等）。,文档说明清晰；包含示例；与实现一致。,manual: 逐项核对文档,manual,TODO,TODO,TODO,docs/api/random.md,RAPI-0004|RAPI-0076,ref: 随机api开发规划.md#6.3
RAPI-0145,OpenAPI：/random 过滤 illust_id,在 OpenAPI 中补充 /random 过滤 illust_id：类型、默认值、组合语义（AND/NOT）、限制与示例。,OpenAPI 中过滤定义完整；组合语义不歧义；与实现一致。,manual: openapi validate,manual,TODO,TODO,TODO,docs/openapi/**,RAPI-0005|RAPI-0078,ref: 随机api开发规划.md#6.3
RAPI-0146,文档：/random 过滤 illust_id,在 docs/api/random.md 或 README 中补充过滤 illust_id 的语义、示例与注意事项（性能/标签 AND 语义等）。,文档说明清晰；包含示例；与实现一致。,manual: 逐项核对文档,manual,TODO,TODO,TODO,docs/api/random.md,RAPI-0004|RAPI-0078,ref: 随机api开发规划.md#6.3
RAPI-0147,测试：metrics presence: http_requests_total,启动服务后请求 /metrics，断言包含指标名 http_requests_total；避免回归丢指标。,新增测试覆盖正向/边界/非法输入；CI 可运行；不依赖真实 Pixiv。,manual: `npm test`,manual,TODO,TODO,TODO,test/metrics_presence_http_requests_total.*,RAPI-0044|RAPI-0009,none
RAPI-0148,测试：metrics presence: request_duration_seconds,启动服务后请求 /metrics，断言包含指标名 request_duration_seconds；避免回归丢指标。,新增测试覆盖正向/边界/非法输入；CI 可运行；不依赖真实 Pixiv。,manual: `npm test`,manual,TODO,TODO,TODO,test/metrics_presence_request_duration_seconds.*,RAPI-0044|RAPI-0009,none
RAPI-0149,测试：metrics presence: random_success_total,启动服务后请求 /metrics，断言包含指标名 random_success_total；避免回归丢指标。,新增测试覆盖正向/边界/非法输入；CI 可运行；不依赖真实 Pixiv。,manual: `npm test`,manual,TODO,TODO,TODO,test/metrics_presence_random_success_total.*,RAPI-0044|RAPI-0009,none
RAPI-0150,测试：metrics presence: random_fail_total,启动服务后请求 /metrics，断言包含指标名 random_fail_total；避免回归丢指标。,新增测试覆盖正向/边界/非法输入；CI 可运行；不依赖真实 Pixiv。,manual: `npm test`,manual,TODO,TODO,TODO,test/metrics_presence_random_fail_total.*,RAPI-0044|RAPI-0009,none
RAPI-0151,测试：metrics presence: random_attempts_histogram,启动服务后请求 /metrics，断言包含指标名 random_attempts_histogram；避免回归丢指标。,新增测试覆盖正向/边界/非法输入；CI 可运行；不依赖真实 Pixiv。,manual: `npm test`,manual,TODO,TODO,TODO,test/metrics_presence_random_attempts_histogram.*,RAPI-0044|RAPI-0009,none
RAPI-0152,测试：metrics presence: upstream_errors_total,启动服务后请求 /metrics，断言包含指标名 upstream_errors_total；避免回归丢指标。,新增测试覆盖正向/边界/非法输入；CI 可运行；不依赖真实 Pixiv。,manual: `npm test`,manual,TODO,TODO,TODO,test/metrics_presence_upstream_errors_total.*,RAPI-0044|RAPI-0009,none
RAPI-0153,测试：metrics presence: db_query_duration_seconds,启动服务后请求 /metrics，断言包含指标名 db_query_duration_seconds；避免回归丢指标。,新增测试覆盖正向/边界/非法输入；CI 可运行；不依赖真实 Pixiv。,manual: `npm test`,manual,TODO,TODO,TODO,test/metrics_presence_db_query_duration_seconds.*,RAPI-0044|RAPI-0009,none
RAPI-0154,"DB：约束-唯一键 (illust_id,page_index)","确保 images(illust_id,page_index) 唯一约束存在；导入重复会走 upsert 而不是产生重复。",唯一约束存在；重复导入不产生重复；有迁移/测试覆盖。,manual: npx prisma migrate dev + 导入重复样例,manual,TODO,TODO,TODO,prisma/schema.prisma | prisma/migrations/**,RAPI-0029|RAPI-0092,ref: 随机api开发规划.md#5.2
RAPI-0155,DB：索引-images_filter_idx,"确保 images_filter_idx（status,x_restrict,orientation,width,height,random_key）存在；为 /random 过滤与随机挑选提供索引命中。",索引存在；查询计划可命中；性能可接受。,manual: explain analyze 验证,manual,TODO,TODO,TODO,prisma/migrations/** | docs/perf.md,RAPI-0029|RAPI-0038,ref: 随机api开发规划.md#5.2
RAPI-0156,DB：索引-image_tags_tag,"确保 image_tags(tag_id,image_id) 索引存在；用于 tags 过滤高效命中。",索引存在；tags 过滤 SQL 走索引；性能可接受。,manual: explain analyze 验证,manual,TODO,TODO,TODO,prisma/migrations/** | docs/perf.md,RAPI-0031|RAPI-0035,ref: 随机api开发规划.md#5.2
RAPI-0157,缓存：memcached 健康检查接入 /healthz,在 /healthz 中加入 memcached ping/get/set 自检（可选）；不可用时标记 degraded 并返回原因。,/healthz 能报告 memcached 状态；不可用不导致崩溃；有测试覆盖（mock）。,manual: curl /healthz,manual,TODO,TODO,TODO,src/routes/healthz.* | src/services/memcachedService.* | test/**,RAPI-0042|RAPI-0009,ref: 随机api开发规划.md#1.3
RAPI-0158,测试：memcached healthz,mock memcached ok/failed 分支；断言 /healthz 输出字段。,新增测试覆盖正向/边界/非法输入；CI 可运行；不依赖真实 Pixiv。,manual: `npm test`,manual,TODO,TODO,TODO,test/healthz_memcached.*,RAPI-0157|RAPI-0009,none
RAPI-0159,缓存：Pixiv detail 冷路径缓存策略（memcached）,在 Pixiv illust/detail 冷路径（hydrate/heal）加入可配置缓存（memcached），减少重复请求；支持 cache bypass。,缓存可配置启用/禁用；命中时减少上游调用；不缓存错误响应；测试覆盖。,manual: `npm test`,manual,TODO,TODO,TODO,src/services/pixivService.* | src/services/memcachedService.* | test/**,RAPI-0095|RAPI-0022|RAPI-0009,ref: 随机api开发规划.md#1.3
RAPI-0160,后台 API：POST /admin/images/:id/disable|enable|delete,实现后台操作端点：disable/enable/delete（软删优先）；需要 ADMIN_TOKEN；更新 status 与审计日志。,端点可用；未授权 401；动作写入审计；返回 JSON 结果；测试覆盖。,manual: curl -X POST ...,manual,TODO,TODO,TODO,src/routes/adminImagesActions.* | src/repositories/imagesRepo.* | src/audit/** | test/**,RAPI-0082|RAPI-0034|RAPI-0111|RAPI-0009,ref: 随机api开发规划.md#6.2
RAPI-0161,测试：admin image actions,覆盖 disable/enable/delete：状态变化、401、审计写入。,新增测试覆盖正向/边界/非法输入；CI 可运行；不依赖真实 Pixiv。,manual: `npm test`,manual,TODO,TODO,TODO,test/admin_image_actions.*,RAPI-0160|RAPI-0009,none
RAPI-0162,验收清单：后台-images 列表与筛选,为后台功能“images 列表与筛选”写手工验收清单：入口、步骤、预期结果、异常分支；供回归时复用。,清单可重复执行；覆盖关键步骤与异常；放入 docs/admin-checklists/。,manual: 按清单走一遍,manual,TODO,TODO,TODO,docs/admin-checklists/**,RAPI-0085,ref: 随机api开发规划.md#8.2
RAPI-0163,验收清单：后台-images 操作 enable/disable,为后台功能“images 操作 enable/disable”写手工验收清单：入口、步骤、预期结果、异常分支；供回归时复用。,清单可重复执行；覆盖关键步骤与异常；放入 docs/admin-checklists/。,manual: 按清单走一遍,manual,TODO,TODO,TODO,docs/admin-checklists/**,RAPI-0086,ref: 随机api开发规划.md#8.2
RAPI-0164,验收清单：后台-images 删除策略,为后台功能“images 删除策略”写手工验收清单：入口、步骤、预期结果、异常分支；供回归时复用。,清单可重复执行；覆盖关键步骤与异常；放入 docs/admin-checklists/。,manual: 按清单走一遍,manual,TODO,TODO,TODO,docs/admin-checklists/**,RAPI-0087,ref: 随机api开发规划.md#8.2
RAPI-0165,验收清单：后台-imports 审计查看,为后台功能“imports 审计查看”写手工验收清单：入口、步骤、预期结果、异常分支；供回归时复用。,清单可重复执行；覆盖关键步骤与异常；放入 docs/admin-checklists/。,manual: 按清单走一遍,manual,TODO,TODO,TODO,docs/admin-checklists/**,RAPI-0088,ref: 随机api开发规划.md#8.2
RAPI-0166,验收清单：后台-dashboard 统计,为后台功能“dashboard 统计”写手工验收清单：入口、步骤、预期结果、异常分支；供回归时复用。,清单可重复执行；覆盖关键步骤与异常；放入 docs/admin-checklists/。,manual: 按清单走一遍,manual,TODO,TODO,TODO,docs/admin-checklists/**,RAPI-0089,ref: 随机api开发规划.md#8.2
RAPI-0167,安全：Helmet 基础安全头（JSON API）,为 JSON API 增加 helmet（或等效）安全头；避免影响图片流式代理与缓存头策略。,安全头生效；不破坏图片代理缓存头；测试/手工验证。,manual: curl -I /healthz,manual,TODO,TODO,TODO,src/middlewares/securityHeaders.* | app.*,RAPI-0041|RAPI-0009,ref: docs/deployment/security-checklist.md（需对齐本仓库）
RAPI-0168,安全：CORS 策略可配置（默认 *）,把 CORS 从硬编码改为可配置 allowlist；默认保持 *；后台可限制内网域名。,可配置；默认行为与现状一致；测试覆盖。,manual: curl -I /random,manual,TODO,TODO,TODO,src/middlewares/cors.* | src/config/** | test/**,RAPI-0019|RAPI-0009,ref: 随机api开发规划.md#1.3
RAPI-0169,安全：请求体/上传大小限制,为 JSON body 与 multipart 上传设置大小限制与类型校验；防止 DoS；错误返回 413/400。,超过限制返回 413；类型不符 400；不影响正常导入；测试覆盖。,manual: 上传超大文件触发 413,manual,TODO,TODO,TODO,app.* | src/routes/adminImport.* | test/**,RAPI-0092|RAPI-0009,ref: 随机api开发规划.md#9.3 (DoS 风险意识)
RAPI-0170,性能：/random redirect=1 作为生产推荐路径,在文档与默认配置中明确：高并发推荐 redirect=1（302）；并提供示例与 CDN 缓存建议。,文档明确推荐；示例可执行；不影响默认 image 模式。,manual: 查看文档,manual,TODO,TODO,TODO,docs/api/random.md | README.md,RAPI-0004|RAPI-0052,ref: 随机api开发规划.md#2.2
RAPI-0171,性能：查询计划基准（pickRandom/tags filters）,为 pickRandom 与 tags 过滤写性能基准说明：如何 explain analyze、预期索引命中、何时启用 TABLESAMPLE。,docs/perf.md 完整；给出至少 3 条 explain 示例与解读。,manual: 执行 explain analyze,manual,TODO,TODO,TODO,docs/perf.md,RAPI-0038|RAPI-0040,ref: 随机api开发规划.md#3.4
RAPI-0172,文档：合规说明（版权/R18/下架流程）,补充 docs/compliance.md：版权与条款声明、R18 默认策略、下架/禁用流程、审计追溯、token 安全与日志脱敏。,文档内容完整、与仓库真实结构一致；示例可执行；无明显过时/无关引用。,manual: 逐项核对文档与仓库结构/命令,manual,TODO,TODO,TODO,docs/**,RAPI-0004|RAPI-0111|RAPI-0110,ref: 随机api开发规划.md#11
RAPI-0173,任务：hydrate_metadata 字段映射-width/height,为每个 page 写入 width/height；并据此计算 orientation/aspect_ratio。,字段映射正确；不影响其它字段；对异常值有兜底；测试覆盖（mock Pixiv）。,manual: `npm test`,manual,TODO,TODO,TODO,src/jobs/hydrateMetadata.* | src/domain/** | test/**,RAPI-0095|RAPI-0009,ref: 随机api开发规划.md#7.2
RAPI-0174,测试：hydrate fields: width/height,mock Pixiv detail，断言 width/height 对应字段被正确写入。,新增测试覆盖正向/边界/非法输入；CI 可运行；不依赖真实 Pixiv。,manual: `npm test`,manual,TODO,TODO,TODO,test/job_hydrate_fields_width_height.*,RAPI-0173|RAPI-0009,none
RAPI-0175,任务：hydrate_metadata 字段映射-x_restrict,从 Pixiv detail 映射 x_restrict（R18/R18G）；与 r18 参数语义一致。,字段映射正确；不影响其它字段；对异常值有兜底；测试覆盖（mock Pixiv）。,manual: `npm test`,manual,TODO,TODO,TODO,src/jobs/hydrateMetadata.* | src/domain/** | test/**,RAPI-0095|RAPI-0009,ref: 随机api开发规划.md#7.2
RAPI-0176,测试：hydrate fields: x_restrict,mock Pixiv detail，断言 x_restrict 对应字段被正确写入。,新增测试覆盖正向/边界/非法输入；CI 可运行；不依赖真实 Pixiv。,manual: `npm test`,manual,TODO,TODO,TODO,test/job_hydrate_fields_x_restrict.*,RAPI-0175|RAPI-0009,none
RAPI-0177,任务：hydrate_metadata 字段映射-user_id/user_name,写入作者 user_id/user_name，支持 user_id 过滤。,字段映射正确；不影响其它字段；对异常值有兜底；测试覆盖（mock Pixiv）。,manual: `npm test`,manual,TODO,TODO,TODO,src/jobs/hydrateMetadata.* | src/domain/** | test/**,RAPI-0095|RAPI-0009,ref: 随机api开发规划.md#7.2
RAPI-0178,测试：hydrate fields: user_id/user_name,mock Pixiv detail，断言 user_id/user_name 对应字段被正确写入。,新增测试覆盖正向/边界/非法输入；CI 可运行；不依赖真实 Pixiv。,manual: `npm test`,manual,TODO,TODO,TODO,test/job_hydrate_fields_user_id_user_name.*,RAPI-0177|RAPI-0009,none
RAPI-0179,任务：hydrate_metadata 字段映射-title/created_at_pixiv,写入 title 与 created_at_pixiv（如可获取）；便于未来扩展筛选/展示。,字段映射正确；不影响其它字段；对异常值有兜底；测试覆盖（mock Pixiv）。,manual: `npm test`,manual,TODO,TODO,TODO,src/jobs/hydrateMetadata.* | src/domain/** | test/**,RAPI-0095|RAPI-0009,ref: 随机api开发规划.md#7.2
RAPI-0180,测试：hydrate fields: title/created_at_pixiv,mock Pixiv detail，断言 title/created_at_pixiv 对应字段被正确写入。,新增测试覆盖正向/边界/非法输入；CI 可运行；不依赖真实 Pixiv。,manual: `npm test`,manual,TODO,TODO,TODO,test/job_hydrate_fields_title_created_at_pixiv.*,RAPI-0179|RAPI-0009,none
RAPI-0181,任务：hydrate_metadata 字段映射-tags 同步,把 tags 规范化到 tags 表，并同步 image_tags 关系；避免重复与大小写问题。,字段映射正确；不影响其它字段；对异常值有兜底；测试覆盖（mock Pixiv）。,manual: `npm test`,manual,TODO,TODO,TODO,src/jobs/hydrateMetadata.* | src/domain/** | test/**,RAPI-0095|RAPI-0009,ref: 随机api开发规划.md#7.2
RAPI-0182,测试：hydrate fields: tags 同步,mock Pixiv detail，断言 tags 同步 对应字段被正确写入。,新增测试覆盖正向/边界/非法输入；CI 可运行；不依赖真实 Pixiv。,manual: `npm test`,manual,TODO,TODO,TODO,test/job_hydrate_fields_tags_同步.*,RAPI-0181|RAPI-0009,none
RAPI-0183,任务：hydrate_metadata 字段映射-original_url 自愈更新,hydrate/heal 时以 Pixiv detail 中 original_url 为准更新 DB，避免老 URL 失效。,字段映射正确；不影响其它字段；对异常值有兜底；测试覆盖（mock Pixiv）。,manual: `npm test`,manual,TODO,TODO,TODO,src/jobs/hydrateMetadata.* | src/domain/** | test/**,RAPI-0095|RAPI-0009,ref: 随机api开发规划.md#7.2
RAPI-0184,测试：hydrate fields: original_url 自愈更新,mock Pixiv detail，断言 original_url 自愈更新 对应字段被正确写入。,新增测试覆盖正向/边界/非法输入；CI 可运行；不依赖真实 Pixiv。,manual: `npm test`,manual,TODO,TODO,TODO,test/job_hydrate_fields_original_url_自愈更新.*,RAPI-0183|RAPI-0009,none
RAPI-0185,任务：hydrate_metadata 字段映射-ai_type（可选）,如 Pixiv 提供 AI 标记，写入 ai_type；预留“排除 AI”筛选。,字段映射正确；不影响其它字段；对异常值有兜底；测试覆盖（mock Pixiv）。,manual: `npm test`,manual,TODO,TODO,TODO,src/jobs/hydrateMetadata.* | src/domain/** | test/**,RAPI-0095|RAPI-0009,ref: 随机api开发规划.md#7.2
RAPI-0186,测试：hydrate fields: ai_type（可选）,mock Pixiv detail，断言 ai_type（可选） 对应字段被正确写入。,新增测试覆盖正向/边界/非法输入；CI 可运行；不依赖真实 Pixiv。,manual: `npm test`,manual,TODO,TODO,TODO,test/job_hydrate_fields_ai_type（可选）.*,RAPI-0185|RAPI-0009,none
RAPI-0187,导入增强：dry_run,导入支持 dry_run=1：只解析/校验/报告，不写 DB。,功能可用；默认不影响现有导入；具备测试或手工验收清单；错误信息可读。,manual: 手工按验收步骤验证,manual,TODO,TODO,TODO,src/routes/adminImport.* | src/services/import/** | src/repositories/importsRepo.* | test/**,RAPI-0092|RAPI-0084|RAPI-0009,ref: 随机api开发规划.md#8.2
RAPI-0188,导入增强：preview,导入前返回 preview：展示解析出的 illust_id/page/ext 与去重结果。,功能可用；默认不影响现有导入；具备测试或手工验收清单；错误信息可读。,manual: 手工按验收步骤验证,manual,TODO,TODO,TODO,src/routes/adminImport.* | src/services/import/** | src/repositories/importsRepo.* | test/**,RAPI-0092|RAPI-0084|RAPI-0009,ref: 随机api开发规划.md#8.2
RAPI-0189,导入增强：max_lines_limit,限制单次导入最大行数（可配置），超过返回错误并给出分批建议。,功能可用；默认不影响现有导入；具备测试或手工验收清单；错误信息可读。,manual: 手工按验收步骤验证,manual,TODO,TODO,TODO,src/routes/adminImport.* | src/services/import/** | src/repositories/importsRepo.* | test/**,RAPI-0092|RAPI-0084|RAPI-0009,ref: 随机api开发规划.md#8.2
RAPI-0190,导入增强：error_export,导入失败明细可导出为文本/JSON（便于修复后重导）。,功能可用；默认不影响现有导入；具备测试或手工验收清单；错误信息可读。,manual: 手工按验收步骤验证,manual,TODO,TODO,TODO,src/routes/adminImport.* | src/services/import/** | src/repositories/importsRepo.* | test/**,RAPI-0092|RAPI-0084|RAPI-0009,ref: 随机api开发规划.md#8.2
RAPI-0191,导入增强：job_dedup,对 hydrate_metadata enqueue 做去重/合并（同 illust_id 不重复排队）。,功能可用；默认不影响现有导入；具备测试或手工验收清单；错误信息可读。,manual: 手工按验收步骤验证,manual,TODO,TODO,TODO,src/routes/adminImport.* | src/services/import/** | src/repositories/importsRepo.* | test/**,RAPI-0092|RAPI-0084|RAPI-0009,ref: 随机api开发规划.md#8.2
RAPI-0192,导入增强：progress_endpoint,提供 /admin/imports/:id 进度/详情端点（结合 imports.detail + queue 状态）。,功能可用；默认不影响现有导入；具备测试或手工验收清单；错误信息可读。,manual: 手工按验收步骤验证,manual,TODO,TODO,TODO,src/routes/adminImport.* | src/services/import/** | src/repositories/importsRepo.* | test/**,RAPI-0092|RAPI-0084|RAPI-0009,ref: 随机api开发规划.md#8.2
RAPI-0193,统计：Prometheus Query API 客户端（可选）,如果配置 PROMETHEUS_URL，则后台可直接查询 Prometheus：用于展示 24h 请求量、错误 Top、延迟分位数（P50/P90/P95）。未配置则 dashboard 显示 N/A。,PROMETHEUS_URL 配置后可查询并展示；未配置不报错；有基本错误处理与缓存。,manual: 配置 PROMETHEUS_URL 后打开 /admin dashboard,manual,TODO,TODO,TODO,src/metrics/prometheusQueryClient.* | src/admin/pages/dashboard.*,RAPI-0084|RAPI-0044,ref: 随机api开发规划.md#8.2
RAPI-0194,统计：dashboard-requests_24h,在 dashboard 上展示 requests_24h（基于 Prometheus query client）；无 Prometheus 时显示 N/A。,dashboard 展示正确；失败时提示原因；不影响线上请求。,manual: 打开 dashboard 验证,manual,TODO,TODO,TODO,src/admin/pages/dashboard.* | src/metrics/prometheusQueryClient.*,RAPI-0193,ref: 随机api开发规划.md#8.2
RAPI-0195,统计：dashboard-top_errors_24h,在 dashboard 上展示 top_errors_24h（基于 Prometheus query client）；无 Prometheus 时显示 N/A。,dashboard 展示正确；失败时提示原因；不影响线上请求。,manual: 打开 dashboard 验证,manual,TODO,TODO,TODO,src/admin/pages/dashboard.* | src/metrics/prometheusQueryClient.*,RAPI-0193,ref: 随机api开发规划.md#8.2
RAPI-0196,统计：dashboard-latency_p50_p90_p95,在 dashboard 上展示 latency_p50_p90_p95（基于 Prometheus query client）；无 Prometheus 时显示 N/A。,dashboard 展示正确；失败时提示原因；不影响线上请求。,manual: 打开 dashboard 验证,manual,TODO,TODO,TODO,src/admin/pages/dashboard.* | src/metrics/prometheusQueryClient.*,RAPI-0193,ref: 随机api开发规划.md#8.2
RAPI-0197,性能基线：random_redirect_smoke,添加简单压测脚本/说明：/random?redirect=1 在低配机下的 QPS/延迟基线。,有可重复执行的步骤/脚本；输出记录到 docs/perf/；给出预期阈值或观察指标。,manual: 按文档执行,manual,TODO,TODO,TODO,docs/perf/** | scripts/**,RAPI-0052|RAPI-0048|RAPI-0038,ref: 随机api开发规划.md#9.1
RAPI-0198,性能基线：proxy_stream_smoke,添加图片代理流式转发的带宽/内存基线检查说明（避免读入内存）。,有可重复执行的步骤/脚本；输出记录到 docs/perf/；给出预期阈值或观察指标。,manual: 按文档执行,manual,TODO,TODO,TODO,docs/perf/** | scripts/**,RAPI-0052|RAPI-0048|RAPI-0038,ref: 随机api开发规划.md#9.1
RAPI-0199,性能基线：db_random_query_benchmark,添加 pickRandom SQL 基准与 explain analyze 记录（文档化）。,有可重复执行的步骤/脚本；输出记录到 docs/perf/；给出预期阈值或观察指标。,manual: 按文档执行,manual,TODO,TODO,TODO,docs/perf/** | scripts/**,RAPI-0052|RAPI-0048|RAPI-0038,ref: 随机api开发规划.md#9.1
RAPI-0200,任务稳定性：heal_trigger_policy,明确 heal_url 触发策略：仅对 404/403（非 rate limit）触发；对网络错误不触发或延后。,策略落盘（代码+文档）；默认安全；可配置；有测试或手工验证步骤。,manual: `npm test` 或按文档手测,manual,TODO,TODO,TODO,src/jobs/** | src/queue/** | src/metrics/** | docs/queue.md,RAPI-0094|RAPI-0095|RAPI-0097,ref: 随机api开发规划.md#7.3
RAPI-0201,任务稳定性：heal_debounce,对同 illust_id 的 heal_url 触发做去抖（例如 10 分钟内只触发一次）。,策略落盘（代码+文档）；默认安全；可配置；有测试或手工验证步骤。,manual: `npm test` 或按文档手测,manual,TODO,TODO,TODO,src/jobs/** | src/queue/** | src/metrics/** | docs/queue.md,RAPI-0094|RAPI-0095|RAPI-0097,ref: 随机api开发规划.md#7.3
RAPI-0202,任务稳定性：heal_backoff,heal_url 失败采用指数退避；避免持续打上游。,策略落盘（代码+文档）；默认安全；可配置；有测试或手工验证步骤。,manual: `npm test` 或按文档手测,manual,TODO,TODO,TODO,src/jobs/** | src/queue/** | src/metrics/** | docs/queue.md,RAPI-0094|RAPI-0095|RAPI-0097,ref: 随机api开发规划.md#7.3
RAPI-0203,任务稳定性：hydrate_rate_limit,hydrate_metadata 并发与速率限制（按 token/全局）；避免触发 Pixiv 限流。,策略落盘（代码+文档）；默认安全；可配置；有测试或手工验证步骤。,manual: `npm test` 或按文档手测,manual,TODO,TODO,TODO,src/jobs/** | src/queue/** | src/metrics/** | docs/queue.md,RAPI-0094|RAPI-0095|RAPI-0097,ref: 随机api开发规划.md#7.3
RAPI-0204,任务稳定性：job_dead_letter,失败超过阈值的 job 进入 dead-letter 并在后台可见。,策略落盘（代码+文档）；默认安全；可配置；有测试或手工验证步骤。,manual: `npm test` 或按文档手测,manual,TODO,TODO,TODO,src/jobs/** | src/queue/** | src/metrics/** | docs/queue.md,RAPI-0094|RAPI-0095|RAPI-0097,ref: 随机api开发规划.md#7.3
RAPI-0205,任务稳定性：job_observability,为 job 执行增加 metrics：job_success/job_fail/job_duration，并关联 illust_id。,策略落盘（代码+文档）；默认安全；可配置；有测试或手工验证步骤。,manual: `npm test` 或按文档手测,manual,TODO,TODO,TODO,src/jobs/** | src/queue/** | src/metrics/** | docs/queue.md,RAPI-0094|RAPI-0095|RAPI-0097,ref: 随机api开发规划.md#7.3
RAPI-0206,后台加固：admin_ip_allowlist,支持 ADMIN_IP_ALLOWLIST（可选）：仅允许内网/IP 段访问 /admin。,可配置启用；默认不破坏现有后台；启用后行为符合说明；有验收步骤。,manual: 按验收步骤验证,manual,TODO,TODO,TODO,src/admin/** | src/middlewares/** | src/audit/** | docs/admin.md,RAPI-0084|RAPI-0111,ref: 随机api开发规划.md#8.2
RAPI-0207,后台加固：admin_session_auth,可选增强：账号+session 登录替代单 token（后续阶段）。,可配置启用；默认不破坏现有后台；启用后行为符合说明；有验收步骤。,manual: 按验收步骤验证,manual,TODO,TODO,TODO,src/admin/** | src/middlewares/** | src/audit/** | docs/admin.md,RAPI-0084|RAPI-0111,ref: 随机api开发规划.md#8.2
RAPI-0208,后台加固：admin_csrf,为后台写操作增加 CSRF 防护（若采用 cookie/session）。,可配置启用；默认不破坏现有后台；启用后行为符合说明；有验收步骤。,manual: 按验收步骤验证,manual,TODO,TODO,TODO,src/admin/** | src/middlewares/** | src/audit/** | docs/admin.md,RAPI-0084|RAPI-0111,ref: 随机api开发规划.md#8.2
RAPI-0209,后台加固：admin_rate_limit,为 /admin 写操作增加更严格的 rate limit（防爆破/误操作）。,可配置启用；默认不破坏现有后台；启用后行为符合说明；有验收步骤。,manual: 按验收步骤验证,manual,TODO,TODO,TODO,src/admin/** | src/middlewares/** | src/audit/** | docs/admin.md,RAPI-0084|RAPI-0111,ref: 随机api开发规划.md#8.2
RAPI-0210,后台加固：admin_audit_view,后台增加审计日志查看页（过滤 who/when/action）。,可配置启用；默认不破坏现有后台；启用后行为符合说明；有验收步骤。,manual: 按验收步骤验证,manual,TODO,TODO,TODO,src/admin/** | src/middlewares/** | src/audit/** | docs/admin.md,RAPI-0084|RAPI-0111,ref: 随机api开发规划.md#8.2
RAPI-0211,部署加固：secrets_management,补充 secrets 管理说明：REFRESH_TOKENS/ADMIN_TOKEN 不进镜像、不进日志。,生产文档与 compose/Dockerfile 对齐；不影响开发环境；有验证步骤。,manual: 以 compose.prod 启动验证,manual,TODO,TODO,TODO,Dockerfile | docker-compose.prod.yml | docs/deployment/**,RAPI-0024|RAPI-0026|RAPI-0004,ref: docs/deployment/security-checklist.md（需对齐本仓库）
RAPI-0212,部署加固：container_healthcheck,Dockerfile/compose 增加 HEALTHCHECK 调用 /healthz。,生产文档与 compose/Dockerfile 对齐；不影响开发环境；有验证步骤。,manual: 以 compose.prod 启动验证,manual,TODO,TODO,TODO,Dockerfile | docker-compose.prod.yml | docs/deployment/**,RAPI-0024|RAPI-0026|RAPI-0004,ref: docs/deployment/security-checklist.md（需对齐本仓库）
RAPI-0213,部署加固：readonly_fs,生产 overlay 支持只读文件系统 + tmpfs（可选）。,生产文档与 compose/Dockerfile 对齐；不影响开发环境；有验证步骤。,manual: 以 compose.prod 启动验证,manual,TODO,TODO,TODO,Dockerfile | docker-compose.prod.yml | docs/deployment/**,RAPI-0024|RAPI-0026|RAPI-0004,ref: docs/deployment/security-checklist.md（需对齐本仓库）
RAPI-0214,部署加固：resource_limits,docker-compose.prod.yml 设置 CPU/内存限制与 ulimit（可选）。,生产文档与 compose/Dockerfile 对齐；不影响开发环境；有验证步骤。,manual: 以 compose.prod 启动验证,manual,TODO,TODO,TODO,Dockerfile | docker-compose.prod.yml | docs/deployment/**,RAPI-0024|RAPI-0026|RAPI-0004,ref: docs/deployment/security-checklist.md（需对齐本仓库）
RAPI-0215,部署加固：log_rotation,生产日志输出策略与轮转建议（stdout + 宿主轮转）。,生产文档与 compose/Dockerfile 对齐；不影响开发环境；有验证步骤。,manual: 以 compose.prod 启动验证,manual,TODO,TODO,TODO,Dockerfile | docker-compose.prod.yml | docs/deployment/**,RAPI-0024|RAPI-0026|RAPI-0004,ref: docs/deployment/security-checklist.md（需对齐本仓库）
RAPI-0216,可观测增强：job_request_id,在 job 日志中关联触发请求的 request_id（若有），便于排障。,实现后可显著提升排障效率；不增加高基数 label；有验收步骤。,manual: 触发异常并检查日志/metrics,manual,TODO,TODO,TODO,src/logger/** | src/middlewares/** | docs/errors.md | src/jobs/**,RAPI-0020|RAPI-0044,ref: 随机api开发规划.md#9
RAPI-0217,可观测增强：origin_url_masking,确保日志与错误响应中 origin_url 可控输出（避免泄漏敏感 query）。,实现后可显著提升排障效率；不增加高基数 label；有验收步骤。,manual: 触发异常并检查日志/metrics,manual,TODO,TODO,TODO,src/logger/** | src/middlewares/** | docs/errors.md | src/jobs/**,RAPI-0020|RAPI-0044,ref: 随机api开发规划.md#9
RAPI-0218,可观测增强：structured_error_codes,"定义并文档化错误码表（e.g., UNSUPPORTED_URL, NO_MATCH, UPSTREAM_RATE_LIMIT）。",实现后可显著提升排障效率；不增加高基数 label；有验收步骤。,manual: 触发异常并检查日志/metrics,manual,TODO,TODO,TODO,src/logger/** | src/middlewares/** | docs/errors.md | src/jobs/**,RAPI-0020|RAPI-0044,ref: 随机api开发规划.md#9
